date,n1,n2,n3,n4,n5,lucky
1976-06-03,10,26,42,1,4,31
1976-06-10,44,16,47,10,15,27
1976-06-16,2,3,35,13,1,49
1976-06-23,30,22,11,9,23,49
1976-06-30,10,17,25,35,5,1
1976-07-07,27,32,34,19,45,15
1976-07-15,42,5,29,28,27,8
1976-07-21,15,2,31,19,27,5
1976-07-28,40,49,16,37,35,7
1976-08-05,47,37,25,6,4,42
1976-08-11,8,42,33,31,17,26
1976-08-18,21,9,3,24,34,48
1976-08-25,32,11,7,8,38,48
1976-09-01,27,33,42,8,26,25
1976-09-08,25,30,22,3,38,13
1976-09-15,27,7,39,3,8,28
1976-09-22,35,24,10,36,9,11
1976-09-29,7,15,11,8,35,24
1976-10-06,47,30,38,6,26,8
1976-10-13,36,19,46,2,20,35
1976-10-20,20,26,14,48,33,18
1976-10-27,43,5,40,13,17,10
1976-11-04,46,40,30,9,33,3
1976-11-10,17,3,41,38,30,32
1976-11-17,2,32,44,45,20,38
1976-11-24,20,19,25,5,12,10
1976-12-01,18,26,16,22,28,7
1976-12-08,38,31,12,49,7,42
1976-12-15,26,45,19,9,39,43
1976-12-22,20,36,3,7,1,28
1976-12-29,9,12,32,24,47,41
1977-01-05,36,26,1,34,32,42
1977-01-12,16,15,17,31,8,24
1977-01-19,41,33,2,14,45,44
1977-01-26,21,7,45,12,9,23
1977-02-02,25,23,5,1,41,43
1977-02-09,11,40,28,22,1,46
1977-02-16,11,44,13,37,31,24
1977-02-23,42,43,25,22,34,32
1977-03-02,26,27,6,22,33,46
1977-03-09,3,28,4,9,46,17
1977-03-16,40,21,20,45,44,32
1977-03-23,14,20,22,40,17,4
1977-03-30,19,10,40,41,43,33
1977-04-06,33,18,7,8,25,42
1977-04-14,41,28,26,3,16,38
1978-04-26,37,45,29,28,24,40
1978-05-03,17,27,19,40,28,48
1978-05-10,5,4,2,29,8,14
1978-05-18,23,45,49,11,20,44
1978-05-24,7,18,46,47,3,33
1978-05-31,49,14,48,10,29,44
1978-06-07,21,1,43,35,13,24
1978-06-14,12,49,40,10,1,35
1978-06-21,49,11,32,44,20,19
1978-06-28,3,46,41,45,16,1
1978-07-05,46,47,39,29,17,25
1978-07-12,9,15,2,40,25,41
1978-07-19,28,11,16,8,24,46
1978-07-26,17,19,11,34,7,31
1978-08-02,5,3,1,27,17,23
1978-08-09,40,3,18,16,21,8
1978-08-17,45,31,18,27,30,28
1978-08-23,41,21,20,42,46,16
1978-08-30,28,38,21,12,48,32
1978-09-06,2,6,40,48,37,30
1978-09-13,20,48,35,34,8,9
1978-09-20,34,25,4,5,41,36
1978-09-27,48,45,27,47,23,17
1978-10-04,12,21,9,20,8,27
1978-10-11,4,48,14,33,29,3
1978-10-18,41,35,27,16,24,5
1978-10-25,28,34,8,42,20,43
1978-11-02,31,46,39,36,26,13
1978-11-08,6,16,21,3,49,29
1978-11-15,48,38,17,42,8,31
1978-11-22,32,20,47,14,19,13
1978-11-29,32,10,11,49,25,20
1978-12-06,42,30,35,31,44,41
1978-12-13,25,15,7,31,42,12
1978-12-20,48,31,41,49,35,27
1978-12-28,42,2,31,36,1,24
1979-01-04,20,21,47,13,49,30
1979-01-10,40,41,14,18,20,24
1979-01-17,12,37,30,16,19,10
1979-01-24,6,37,36,40,26,7
1979-01-31,4,22,30,26,49,3
1979-02-07,26,24,14,22,23,35
1979-02-14,27,30,18,49,47,10
1979-02-21,41,10,49,43,18,45
1979-02-28,2,20,5,31,11,10
1979-03-07,18,13,43,2,42,17
1979-03-14,25,36,32,20,45,13
1979-03-21,6,42,38,45,46,5
1979-03-28,23,42,14,27,3,26
1979-04-04,12,45,9,1,3,35
1979-04-11,34,2,28,12,7,35
1979-04-19,12,39,35,19,20,27
1979-04-25,13,21,39,37,41,20
1979-05-03,21,36,8,33,17,23
1979-05-09,40,41,49,24,9,6
1979-05-16,27,41,1,23,3,33
1979-05-23,36,42,48,11,5,10
1979-05-30,8,15,48,44,19,42
1979-06-07,3,49,9,48,10,18
1979-06-13,8,21,9,35,4,38
1979-06-20,10,12,3,25,8,48
1979-06-27,7,26,32,19,44,41
1979-07-04,25,1,15,39,4,14
1979-07-11,44,15,41,45,33,34
1979-07-18,13,8,49,36,19,18
1979-07-25,19,23,8,31,47,17
1979-08-01,17,2,29,23,14,34
1979-08-08,47,40,22,21,45,36
1979-08-16,36,42,20,15,47,11
1979-08-22,48,22,31,44,14,46
1979-08-29,8,25,15,16,4,33
1979-09-05,43,13,26,17,30,4
1979-09-12,31,45,17,13,5,14
1979-09-19,8,10,16,12,2,18
1979-09-26,44,6,37,12,3,9
1979-10-03,7,24,28,13,38,21
1979-10-10,4,36,29,28,42,13
1979-10-17,27,39,25,22,41,5
1979-10-24,7,46,33,45,34,20
1979-10-31,3,7,19,28,27,16
1979-11-07,28,45,46,12,40,13
1979-11-14,48,25,24,44,38,35
1979-11-21,28,12,24,4,30,32
1979-11-28,22,40,2,4,43,33
1979-12-05,12,7,27,35,15,48
1979-12-12,8,32,36,37,22,13
1979-12-19,10,26,12,22,4,16
1979-12-28,41,19,24,47,39,6
1980-01-03,26,32,48,39,9,6
1980-01-09,39,46,47,21,9,30
1980-01-16,42,26,43,9,32,38
1980-01-23,31,9,7,39,33,14
1980-01-30,29,28,42,46,19,25
1980-02-06,38,48,19,25,2,28
1980-02-13,43,20,25,39,26,46
1980-02-20,5,1,45,37,49,31
1980-02-27,3,30,19,18,13,12
1980-03-05,48,47,38,25,18,14
1980-03-12,48,38,17,46,9,47
1980-03-19,36,35,32,23,1,33
1980-03-26,18,10,46,35,4,27
1980-04-02,29,41,6,19,26,7
1980-04-09,47,41,12,31,5,10
1980-04-16,6,22,45,21,2,4
1980-04-23,10,14,12,3,42,43
1980-04-30,6,7,9,17,45,26
1980-05-07,22,1,25,14,10,8
1980-05-14,6,46,14,17,37,44
1980-05-21,45,5,44,15,48,8
1980-05-29,7,8,2,25,15,26
1980-06-04,14,18,6,48,27,39
1980-06-11,25,34,9,42,31,24
1980-06-18,7,40,36,11,22,1
1980-06-25,5,25,38,3,31,26
1980-07-02,34,47,36,5,40,30
1980-07-09,14,11,45,29,41,18
1980-07-17,42,17,2,28,4,1
1980-07-23,4,21,11,22,38,49
1980-07-30,3,13,5,11,19,12
1980-08-06,7,40,48,10,6,32
1980-08-13,28,5,32,12,15,20
1980-08-20,20,16,48,39,1,31
1980-08-27,48,24,18,45,36,28
1980-09-03,16,43,28,20,7,35
1980-09-10,31,19,3,20,39,1
1980-09-17,49,4,9,43,12,42
1980-09-24,12,28,31,4,45,2
1980-10-01,44,1,31,32,23,48
1980-10-08,47,3,22,13,5,4
1980-10-15,14,33,29,21,18,6
1980-10-22,46,6,48,36,41,23
1980-10-29,15,3,41,45,37,31
1980-11-05,42,49,21,10,39,13
1980-11-13,40,1,13,7,31,4
1980-11-19,6,13,21,39,37,25
1980-11-26,39,21,40,42,44,1
1980-12-03,22,35,47,40,24,38
1980-12-10,16,40,27,18,11,39
1980-12-17,5,12,44,24,11,42
1980-12-24,15,47,7,10,31,35
1980-12-31,7,16,34,8,39,41
1981-01-07,20,44,41,31,18,21
1981-01-14,34,31,26,38,48,47
1981-01-21,19,28,49,26,47,35
1981-01-28,4,28,29,19,18,16
1981-02-04,43,3,7,13,20,40
1981-02-11,46,24,11,14,28,26
1981-02-18,34,25,5,28,19,29
1981-02-25,29,12,48,13,15,9
1981-03-04,26,19,6,48,34,3
1981-03-11,28,40,3,36,41,30
1981-03-18,44,14,22,39,45,42
1981-03-25,2,18,49,28,47,31
1981-04-01,5,33,24,34,21,13
1981-04-08,45,18,43,24,13,38
1981-04-15,2,33,48,38,7,4
1981-04-23,9,34,17,1,24,5
1981-04-29,40,13,29,41,42,49
1981-05-06,41,17,38,43,47,19
1981-05-13,3,19,2,37,48,6
1981-05-20,6,29,18,4,47,43
1981-05-27,39,28,8,2,16,49
1981-06-03,26,25,5,40,12,46
1981-06-11,4,40,5,44,35,9
1984-01-25,7,42,47,22,12,43
1984-02-01,18,45,31,15,41,44
1984-02-08,19,34,24,29,38,39
1984-02-15,36,39,16,35,8,23
1984-02-22,9,3,42,39,38,29
1984-02-29,19,34,44,13,39,22
1984-03-07,38,29,32,10,1,45
1984-03-10,7,43,14,18,34,3
1984-03-14,47,18,24,6,10,12
1984-03-17,8,13,25,2,16,34
1984-03-21,49,6,38,29,23,44
1984-03-24,30,29,41,2,26,13
1984-03-28,46,36,22,23,38,13
1984-03-31,13,39,10,40,25,19
1984-04-04,42,20,34,29,46,30
1984-04-07,6,17,30,40,19,11
1984-04-11,10,12,16,27,18,42
1984-04-14,26,13,43,30,46,34
1984-04-18,31,9,14,39,42,22
1984-04-21,26,39,3,38,5,18
1984-04-25,30,49,45,41,16,19
1984-04-28,34,15,49,22,28,35
1984-05-02,25,15,22,31,16,14
1984-05-05,27,48,42,18,21,10
1984-05-09,23,7,12,47,22,33
1984-05-12,26,39,1,42,23,2
1984-05-16,17,16,49,18,23,32
1984-05-19,30,10,2,19,20,1
1984-05-23,13,18,43,36,28,26
1984-05-26,22,16,35,4,5,42
1984-05-30,45,49,41,40,21,9
1984-06-02,6,48,49,1,12,21
1984-06-06,39,21,13,30,38,36
1984-06-09,15,32,42,27,8,48
1984-06-13,23,30,49,25,21,37
1984-06-16,32,19,3,21,42,8
1984-06-20,12,18,47,40,21,34
1984-06-23,37,32,24,31,3,2
1984-06-27,25,5,34,33,46,16
1984-06-30,32,33,47,14,16,35
1984-07-04,15,29,46,37,33,47
1984-07-07,23,36,34,6,12,27
1984-07-11,29,25,46,4,34,42
1984-07-14,5,32,40,15,34,27
1984-07-18,17,46,1,24,40,30
1984-07-21,14,25,22,46,44,47
1984-07-25,15,7,28,25,35,22
1984-07-28,18,14,7,40,25,39
1984-08-01,3,39,28,14,5,6
1984-08-04,3,32,27,29,1,26
1984-08-08,33,48,20,42,40,37
1984-08-11,10,48,39,15,34,9
1984-08-15,15,38,41,35,20,28
1984-08-18,33,48,49,6,29,40
1984-08-22,47,36,41,24,14,21
1984-08-25,12,36,2,41,17,6
1984-08-29,47,38,21,15,49,30
1984-09-01,23,7,10,38,26,47
1984-09-05,11,21,28,35,1,30
1984-09-08,14,7,39,1,21,13
1984-09-12,3,32,8,27,29,40
1984-09-15,27,38,9,34,6,30
1984-09-19,37,36,26,35,27,29
1984-09-22,26,11,33,20,2,48
1984-09-26,30,9,40,17,45,15
1984-09-29,21,14,1,5,32,42
1986-01-15,27,6,13,46,10,40
1986-01-18,3,6,45,33,31,20
1986-01-22,49,6,28,25,7,23
1986-01-25,40,29,45,39,23,42
1986-01-29,12,41,4,6,47,20
1986-02-01,22,13,33,40,4,8
1986-02-05,38,43,3,6,26,20
1986-02-08,33,1,9,31,4,2
1986-02-12,37,25,9,8,12,6
1986-02-15,1,14,2,33,41,22
1986-02-19,48,15,11,33,2,27
1986-02-22,40,32,26,4,37,30
1986-02-26,49,22,47,10,38,46
1986-03-01,17,5,13,15,21,14
1986-03-05,5,30,25,22,10,6
1986-03-08,30,3,34,25,20,36
1986-03-12,9,46,13,19,37,34
1986-03-15,16,18,12,20,48,30
1986-03-19,18,19,44,30,22,48
1986-03-22,19,26,33,46,2,49
1986-03-26,6,35,9,33,32,48
1986-03-29,5,49,30,29,16,12
1986-04-02,39,11,31,49,4,38
1986-04-05,22,45,18,17,44,41
1986-04-09,10,47,39,27,41,35
1986-04-12,30,32,21,18,11,7
1986-04-16,14,26,20,2,49,29
1986-04-19,8,14,41,5,31,13
1986-04-23,12,25,17,46,32,30
1986-04-26,13,45,36,21,27,4
1986-04-30,49,7,45,13,36,42
1986-05-03,7,37,2,49,24,12
1986-05-07,2,6,3,27,44,9
1986-05-10,19,30,40,18,7,29
1986-05-14,39,20,37,32,38,5
1986-05-17,13,5,17,15,26,46
1986-05-21,24,18,38,22,31,17
1986-05-24,37,47,42,23,27,49
1986-05-28,3,2,21,16,49,13
1986-05-31,15,45,33,11,30,20
1986-06-04,22,49,29,35,46,36
1986-06-07,3,5,49,43,15,23
1986-06-11,22,6,44,11,43,41
1986-06-14,48,32,19,47,6,15
1986-06-18,38,22,23,48,39,29
1986-06-21,6,9,34,27,48,16
1986-06-25,14,35,43,45,7,27
1986-06-28,37,9,35,20,2,34
1986-07-02,29,16,7,35,32,6
1986-07-05,5,35,18,1,27,15
1986-07-09,43,11,36,27,22,2
1986-07-12,17,26,41,37,28,10
1986-07-16,21,46,36,32,38,45
1986-07-19,10,42,15,16,19,23
1986-07-23,16,25,35,22,2,6
1986-07-26,12,26,27,34,38,48
1986-07-30,36,47,44,16,15,6
1986-08-02,48,47,11,32,28,34
1987-12-16,32,12,40,27,36,8
1987-12-19,45,4,33,49,15,26
1987-12-23,44,23,14,43,3,9
1987-12-26,30,23,27,15,29,47
1987-12-30,11,17,1,25,19,42
1988-01-02,6,4,7,18,43,30
1988-01-06,40,16,45,22,44,19
1988-01-09,38,21,24,43,36,16
1988-01-13,23,10,39,27,18,20
1988-01-16,18,19,8,48,14,39
1988-01-20,11,32,26,29,49,47
1988-01-23,18,41,1,28,43,17
1988-01-27,47,1,23,38,18,32
1988-01-30,34,5,8,41,46,45
1988-02-03,47,11,41,3,29,28
1988-02-06,21,31,37,38,8,4
1988-02-10,36,10,47,32,45,3
1988-02-13,23,30,8,29,41,25
1988-02-17,11,48,45,36,34,13
1988-02-20,20,41,33,35,25,11
1988-02-24,4,26,32,9,35,20
1988-02-27,28,34,37,39,46,27
1988-03-02,28,49,21,20,19,32
1988-03-05,16,23,29,31,5,8
1988-03-09,14,5,31,46,43,19
1988-03-12,36,16,7,3,41,20
1988-03-16,28,5,18,35,16,34
1988-03-19,15,23,45,17,43,7
1988-03-23,1,20,16,30,29,45
1988-03-26,16,7,6,40,28,13
1988-03-30,24,37,40,31,14,18
1988-04-02,27,16,1,48,22,4
1988-04-06,14,18,21,26,42,43
1988-04-09,43,17,47,8,38,37
1988-04-13,4,35,36,16,11,40
1988-04-16,13,17,43,5,29,45
1988-04-20,16,3,17,33,9,29
1988-04-23,49,39,47,16,12,8
1988-04-27,7,24,36,31,5,20
1988-04-30,32,14,4,19,9,3
1988-05-04,7,17,5,15,14,20
1988-05-07,26,15,24,6,27,23
1988-05-11,32,19,8,7,4,41
1988-05-14,46,23,10,33,30,6
1988-05-18,21,13,24,3,20,11
1988-05-21,19,46,14,38,21,30
1988-05-25,27,36,40,8,24,49
1988-05-28,49,20,16,24,37,31
1988-06-01,13,48,4,33,11,37
1988-06-04,26,23,25,47,15,14
1988-06-08,8,45,16,12,3,38
1988-06-11,40,41,7,22,36,14
1988-06-15,29,8,42,48,7,17
1988-06-18,38,10,36,2,26,42
1988-06-22,48,33,19,12,24,28
1988-06-25,36,20,39,17,6,26
1988-06-29,40,44,32,33,26,2
1988-07-02,45,19,2,9,31,28
1988-07-06,25,34,3,5,32,20
1988-07-09,42,36,39,7,27,1
1988-07-13,17,14,18,37,3,39
1988-07-16,33,41,18,35,45,16
1989-11-15,24,34,29,38,46,47
1989-11-18,37,8,14,40,15,43
1989-11-22,39,8,32,22,21,48
1989-11-25,31,15,49,46,3,32
1989-11-29,30,35,11,22,40,13
1989-12-02,49,18,11,2,46,13
1989-12-06,45,10,33,21,20,32
1989-12-09,46,43,25,16,8,10
1989-12-13,38,46,6,4,40,1
1989-12-16,45,29,20,14,8,7
1989-12-20,19,36,7,43,38,30
1989-12-23,19,29,32,4,7,13
1989-12-27,39,37,20,27,43,48
1989-12-30,24,8,13,6,42,49
1990-01-03,31,30,5,44,8,43
1990-01-06,42,21,20,24,28,6
1990-01-10,25,37,26,48,2,9
1990-01-13,2,34,42,40,28,18
1990-01-17,29,14,37,2,46,32
1990-01-20,22,20,9,26,34,46
1990-01-24,12,45,11,22,13,10
1990-01-27,43,15,28,35,13,36
1990-01-31,20,8,28,3,14,7
1990-02-03,11,44,31,36,45,2
1990-02-07,49,23,21,42,8,37
1990-02-10,29,36,10,18,15,45
1990-02-14,16,48,49,22,44,20
1990-02-17,37,46,23,48,24,40
1990-02-21,19,26,1,9,43,25
1990-02-24,13,25,6,24,4,17
1990-02-28,37,28,41,20,4,31
1990-03-03,39,2,10,3,38,6
1990-03-07,25,49,8,14,9,36
1990-03-10,24,1,23,19,15,30
1990-03-14,29,3,38,46,9,41
1990-03-17,39,22,19,15,44,47
1990-03-21,30,17,2,42,49,19
1990-03-24,8,23,22,35,24,14
1990-03-28,28,4,20,44,19,45
1990-03-31,45,43,20,16,25,37
1990-04-04,18,34,6,8,32,33
1990-04-07,19,13,11,32,20,34
1990-04-11,49,30,18,43,33,11
1990-04-14,46,22,27,20,5,17
1990-04-18,44,31,48,13,20,8
1990-04-21,28,36,8,40,21,43
1990-04-25,37,49,11,2,28,42
1990-04-28,11,40,3,29,23,37
1990-05-02,14,12,36,3,19,26
1990-05-05,20,24,30,36,32,3
1990-05-09,16,39,32,14,9,36
1990-05-12,25,24,7,49,4,16
1990-05-16,5,44,26,45,27,6
1990-05-19,19,32,34,45,26,3
1990-05-23,16,7,40,10,20,18
1990-05-26,37,27,2,19,6,14
1990-05-30,20,15,41,3,16,36
1990-06-02,19,26,32,13,28,9
1990-06-06,23,44,17,32,12,4
1990-06-09,40,18,39,15,43,27
1990-06-13,21,33,36,24,18,44
1990-06-16,43,41,31,29,15,34
1990-06-20,46,31,16,35,5,1
1990-06-23,37,38,31,39,48,32
1990-06-27,47,42,29,8,1,26
1990-06-30,34,3,37,24,17,18
1990-07-04,8,37,49,18,15,27
1990-07-07,30,18,46,49,32,11
1990-07-11,33,20,29,25,47,9
1990-07-14,13,28,6,33,30,47
1990-07-18,40,13,46,45,32,30
1992-09-05,9,26,37,41,44,30
1992-09-09,12,13,18,1,20,21
1992-09-12,23,42,47,8,41,3
1992-09-16,36,21,24,23,44,13
1992-09-19,11,18,39,17,33,12
1992-09-23,46,18,47,35,23,28
1992-09-26,45,12,24,7,26,18
1992-09-30,49,28,37,17,41,2
1992-10-03,4,44,10,24,33,18
1992-10-07,34,17,48,28,41,7
1992-10-10,2,43,35,17,28,24
1992-10-14,41,49,23,6,8,15
1992-10-17,16,36,27,49,33,12
1992-10-21,22,31,36,16,6,43
1992-10-24,7,21,28,44,47,32
1992-10-28,27,46,6,15,19,2
1992-10-31,41,42,43,44,38,17
1992-11-04,28,21,29,5,32,2
1992-11-07,39,32,24,4,41,18
1992-11-11,14,10,32,26,23,39
1992-11-14,9,12,30,28,35,7
1992-11-18,24,27,30,46,42,31
1992-11-21,21,44,39,6,11,28
1992-11-25,44,13,30,19,5,46
1992-11-28,18,14,19,5,23,7
1992-12-02,1,25,3,43,10,20
1992-12-05,45,36,10,19,48,44
1992-12-09,49,6,3,48,22,20
1992-12-12,28,2,7,20,46,13
1993-12-22,45,4,24,43,37,8
1993-12-25,10,49,27,33,36,39
1993-12-29,7,27,6,38,33,44
1994-01-01,25,11,22,2,28,5
1994-01-05,27,32,26,6,39,28
1994-01-08,27,43,32,24,48,35
1994-01-12,12,13,14,35,36,45
1994-01-15,29,3,5,13,8,44
1994-01-19,18,13,35,19,45,47
1994-01-22,42,30,25,35,10,5
1994-01-26,15,39,6,16,29,33
1994-01-29,43,3,14,11,6,22
1994-02-02,23,4,36,19,29,37
1994-02-05,19,43,6,5,1,33
1994-02-09,34,24,41,3,18,10
1994-02-12,7,11,17,30,1,49
1994-02-16,49,14,25,15,19,28
1994-02-19,38,12,43,31,24,46
1994-02-23,39,22,38,10,36,9
1994-02-26,44,41,15,33,45,21
1994-03-02,38,19,37,44,9,1
1994-03-05,7,20,26,39,28,19
1994-03-09,32,39,38,43,44,10
1994-03-12,44,47,5,35,20,1
1994-03-16,42,1,32,47,41,11
1994-03-19,49,1,19,18,47,5
1994-03-23,45,2,40,16,22,25
1994-03-26,47,27,17,6,34,19
1994-03-30,13,43,42,45,44,6
1994-04-02,3,45,31,15,32,14
1994-04-06,28,36,16,31,29,3
1994-04-09,39,29,23,13,12,17
1995-01-28,42,47,45,49,30,44
1995-02-01,9,31,10,48,18,11
1995-02-04,35,49,20,13,36,30
1995-02-08,12,7,18,6,39,47
1995-02-11,19,14,10,12,9,20
1995-02-15,41,27,7,1,4,28
1995-02-18,48,2,43,8,18,14
1995-02-22,5,30,1,44,36,3
1995-02-25,13,32,30,14,5,10
1995-03-01,22,13,46,6,39,42
1995-03-04,25,27,48,3,1,14
1995-03-08,32,34,11,40,19,2
1995-03-11,10,17,16,1,27,20
1995-03-15,44,8,46,16,17,49
1995-03-18,5,34,13,29,1,12
1995-03-22,43,7,27,42,28,16
1995-03-25,6,25,26,34,36,31
1995-03-29,32,19,31,25,5,36
1995-04-01,9,29,44,14,17,18
1995-04-05,13,27,41,2,42,48
1995-04-08,19,47,23,10,41,39
1995-04-12,47,33,20,44,19,11
1995-04-15,29,8,31,15,34,2
1995-04-19,42,24,37,1,8,14
1995-04-22,13,23,37,3,44,8
1995-04-26,16,4,34,44,48,19
1995-04-29,16,13,6,2,19,42
1995-05-03,41,22,16,19,27,43
1995-05-06,19,24,12,4,29,6
1995-05-10,39,7,5,36,48,22
1997-02-26,27,13,48,7,33,9
1997-03-01,36,35,43,30,5,1
1997-03-05,5,4,2,38,40,45
1997-03-08,37,34,31,40,23,3
1997-03-12,37,48,12,9,13,18
1997-03-15,15,32,39,23,48,8
1997-03-19,38,20,27,43,35,33
1997-03-22,49,12,13,16,4,9
1997-03-26,4,37,47,28,14,31
1997-03-29,25,28,42,8,47,43
1997-04-02,41,28,4,45,16,15
1997-04-05,25,49,13,48,15,29
1997-04-09,32,45,23,9,26,27
1997-04-12,20,10,4,16,37,41
1997-04-16,30,40,11,29,17,24
1997-04-19,33,14,16,21,43,42
1997-04-23,22,20,14,1,27,18
1997-04-26,13,15,18,28,22,23
1997-04-30,43,46,32,7,19,5
1997-05-03,46,42,24,47,25,35
1997-05-07,39,27,34,3,36,26
1997-05-10,2,31,20,38,21,40
1997-05-14,39,20,33,29,38,6
1997-05-17,22,42,17,11,45,41
1997-05-21,31,40,37,41,49,32
1997-05-24,49,38,42,8,30,21
1997-05-28,2,35,43,29,12,48
1997-05-31,17,7,31,39,20,34
1997-06-04,20,26,23,38,34,4
1997-06-07,4,15,26,14,7,29
1997-06-11,40,4,48,18,30,21
1997-06-14,12,33,20,26,35,28
1997-06-21,34,14,35,36,49,9
1997-06-25,34,29,37,38,41,42
1997-06-28,48,24,28,6,1,19
1997-07-02,33,37,8,7,2,19
1997-07-05,37,25,3,43,12,10
1997-07-09,2,22,29,37,47,46
1997-07-12,34,9,36,47,24,10
1997-07-16,46,45,11,18,30,40
1997-07-19,44,23,26,1,22,20
1997-07-23,42,6,46,15,34,39
1997-07-26,16,32,9,39,4,35
1997-07-30,29,4,15,34,39,23
1997-08-02,39,6,24,7,31,45
1997-08-06,4,33,32,35,10,29
1997-08-09,37,2,10,1,12,4
1997-08-13,35,19,48,16,39,17
1997-08-16,16,1,11,6,39,23
1997-08-20,45,1,44,3,38,39
1997-08-23,6,5,26,38,42,37
1997-08-27,41,31,13,34,8,29
1997-08-30,36,18,32,45,35,15
1997-09-03,45,31,9,24,16,5
1997-09-06,25,43,3,37,41,16
1997-09-10,44,8,14,34,27,31
1997-09-13,20,7,31,1,13,24
1997-09-17,10,48,46,36,22,38
1997-09-20,2,44,21,25,19,22
1997-09-24,36,44,13,3,41,4
1997-09-27,40,28,1,30,10,43
1999-11-10,36,10,21,29,47,46
1999-11-13,11,38,12,31,4,1
1999-11-17,36,35,20,8,24,18
1999-11-20,1,41,2,25,48,24
1999-11-24,6,31,47,44,40,39
1999-11-27,31,48,33,4,5,19
1999-12-01,4,1,49,23,26,2
1999-12-04,48,45,21,43,16,33
1999-12-08,45,46,1,32,9,34
1999-12-11,11,48,45,35,46,21
1999-12-15,34,4,27,49,6,15
1999-12-18,19,45,37,9,2,44
1999-12-22,28,21,27,6,31,38
1999-12-25,37,14,36,41,1,3
1999-12-29,45,25,11,39,38,43
2000-01-01,43,35,49,12,2,44
2000-01-05,15,22,13,21,27,35
2000-01-08,29,31,40,21,44,20
2000-01-12,7,29,36,30,18,15
2000-01-15,42,16,7,46,30,41
2000-01-19,22,39,25,10,41,27
2000-01-22,14,28,37,16,7,24
2000-01-26,19,12,25,48,47,28
2000-01-29,45,43,37,28,44,23
2000-02-02,12,16,6,7,41,32
2000-02-05,28,41,22,33,49,4
2000-02-09,41,38,20,49,40,34
2000-02-12,31,44,3,9,34,29
2000-02-16,22,33,40,18,23,16
2000-02-19,43,12,8,3,7,30
2000-02-23,37,1,10,5,44,2
2000-02-26,11,33,3,43,9,25
2000-03-01,42,24,3,18,28,32
2000-03-04,16,6,44,4,33,7
2000-03-08,5,33,23,36,27,19
2002-01-12,42,12,3,45,26,2
2002-01-16,13,26,48,41,30,37
2002-01-19,46,3,17,44,25,2
2002-01-23,5,32,19,45,34,36
2002-01-26,23,40,33,10,14,4
2002-01-30,25,5,46,22,21,33
2002-02-02,48,14,5,45,6,42
2002-02-06,33,18,14,10,7,36
2002-02-09,41,4,46,31,32,29
2002-02-13,44,12,37,31,24,45
2002-02-16,47,21,23,7,37,35
2002-02-20,6,46,4,19,8,40
2002-02-23,3,49,17,43,11,2
2002-02-27,43,29,45,6,32,25
2002-03-02,10,39,1,37,40,29
2002-03-06,16,3,1,33,10,19
2002-03-09,22,30,38,15,25,48
2002-03-13,26,21,45,25,6,33
2002-03-16,12,34,39,17,40,44
2002-03-20,14,17,27,16,37,8
2002-03-23,2,47,39,13,36,12
2002-03-27,47,35,21,30,49,12
2002-03-30,48,25,40,13,24,4
2002-04-03,15,38,29,18,43,36
2002-04-06,16,25,19,9,4,34
2002-04-10,4,13,12,47,35,21
2002-04-13,12,24,30,1,38,2
2002-04-17,15,31,11,7,27,28
2002-04-20,46,34,11,20,16,39
2002-04-24,36,25,10,26,41,39
2002-04-27,12,44,24,37,20,10
2002-05-01,12,38,17,16,18,5
2002-05-04,39,31,15,5,34,20
2002-05-08,8,42,44,32,22,41
2002-05-11,14,22,35,46,23,12
2002-05-15,47,36,45,22,39,3
2002-05-18,11,48,30,13,31,32
2002-05-22,39,31,9,36,22,46
2002-05-25,38,31,5,4,20,34
2002-05-29,21,5,39,32,38,22
2002-06-01,38,1,28,8,19,45
2002-06-05,34,12,20,8,13,15
2002-06-08,35,13,26,11,5,8
2002-06-12,35,21,37,27,43,42
2002-06-15,40,42,45,33,28,21
2002-06-19,14,36,13,27,17,19
2002-06-22,25,2,10,26,23,47
2002-06-26,38,25,12,20,43,34
2002-06-29,25,2,44,12,13,35
2002-07-03,33,31,19,9,1,2
2002-07-06,10,29,22,2,35,48
2002-07-10,2,34,16,40,8,15
2002-07-13,13,46,29,43,45,49
2002-07-17,12,7,23,25,32,49
2002-07-20,12,48,20,25,10,11
2002-07-24,19,33,6,18,16,48
2002-07-27,42,45,47,9,18,28
2002-07-31,17,6,39,11,16,22
2002-08-03,21,18,40,31,45,43
2003-10-08,18,42,23,7,14,25
2003-10-11,32,27,14,2,25,18
2003-10-15,18,7,44,49,25,29
2003-10-18,6,13,40,30,11,18
2003-10-22,17,7,34,9,8,49
2003-10-25,10,34,12,27,28,46
2003-10-29,14,7,31,10,4,28
2003-11-01,26,38,28,20,27,6
2003-11-05,49,48,33,47,12,30
2003-11-08,20,23,31,22,35,28
2003-11-12,27,4,46,14,6,29
2003-11-15,27,17,10,18,32,4
2003-11-19,38,33,5,16,28,21
2003-11-22,13,9,20,28,10,35
2003-11-26,8,47,22,14,33,5
2003-11-29,34,15,47,3,46,39
2003-12-03,33,32,37,9,1,3
2003-12-06,40,16,20,6,30,7
2003-12-10,17,25,5,41,48,37
2003-12-13,29,28,26,38,47,37
2003-12-17,32,18,4,19,31,8
2003-12-20,26,48,14,39,28,31
2003-12-24,35,19,40,37,34,13
2003-12-27,17,11,33,32,37,28
2003-12-31,26,11,24,32,46,38
2004-01-03,16,38,3,43,18,39
2004-01-07,28,3,13,4,47,27
2004-01-10,23,32,18,21,15,4
2004-01-14,33,38,11,14,32,25
2004-01-17,43,45,20,29,15,38
2004-01-21,8,19,28,21,36,12
2004-01-24,5,8,2,42,40,20
2004-08-28,2,3,1,39,41,22
2004-09-01,20,32,28,4,3,38
2004-09-04,37,3,24,38,19,28
2004-09-08,15,22,41,10,11,1
2004-09-11,36,37,34,47,5,49
2004-09-15,46,48,1,41,49,30
2004-09-18,46,11,40,10,42,6
2004-09-22,37,11,21,10,35,19
2004-09-25,37,20,39,36,28,15
2004-09-29,24,1,17,39,26,16
2004-10-02,11,6,10,47,22,30
2004-10-06,19,1,10,48,18,34
2004-10-09,22,26,5,7,11,1
2004-10-13,29,10,46,18,14,15
2004-10-16,6,16,47,15,20,36
2004-10-20,1,12,7,35,23,17
2004-10-23,36,26,47,48,3,22
2004-10-27,26,6,35,2,1,44
2004-10-30,45,25,48,49,4,23
2004-11-03,25,30,31,44,41,49
2004-11-06,14,47,26,4,39,19
2004-11-10,14,28,30,46,40,33
2004-11-13,8,48,6,9,47,20
2004-11-17,7,41,27,8,15,26
2004-11-20,45,47,2,24,35,6
2004-11-24,20,11,7,9,40,33
2004-11-27,34,33,26,15,24,43
2004-12-01,2,21,45,29,43,32
2004-12-04,25,45,13,7,10,8
2004-12-08,17,21,12,49,38,43
2004-12-11,47,32,15,21,33,49
2004-12-15,15,1,29,34,38,31
2004-12-18,44,27,24,10,45,20
2004-12-22,15,30,45,46,18,31
2005-01-12,27,39,1,35,14,26
2005-01-15,16,11,19,6,4,15
2005-01-19,35,25,1,11,41,45
2005-01-22,26,18,23,40,31,32
2005-01-26,19,8,36,24,28,46
2005-01-29,33,21,19,13,1,15
2005-02-02,4,35,45,13,15,2
2005-02-05,27,13,49,18,44,24
2005-02-09,49,23,33,44,26,34
2005-02-12,4,31,20,36,7,37
2005-02-16,24,48,8,38,30,1
2005-02-19,19,12,47,1,11,33
2005-02-23,23,36,28,16,22,39
2005-02-26,47,29,48,1,27,49
2005-03-02,4,34,8,21,30,17
2005-03-05,24,25,9,47,43,36
2005-03-09,34,31,45,42,33,28
2005-03-12,26,25,11,16,6,36
2005-03-16,8,12,17,26,5,40
2005-03-19,37,28,11,8,5,48
2005-03-23,34,40,49,38,45,47
2005-03-26,45,41,40,32,9,4
2005-03-30,24,35,22,31,10,28
2005-04-02,31,2,21,18,42,15
2005-04-06,47,45,40,36,25,1
2005-04-09,9,14,27,2,36,20
2005-04-13,13,6,19,20,3,45
2005-04-16,47,3,16,15,36,6
2005-04-20,44,37,4,19,1,47
2005-04-23,23,4,5,21,11,27
2005-10-19,34,22,25,45,18,26
2005-10-22,44,15,27,7,28,30
2005-10-26,32,49,21,14,1,24
2005-10-29,33,9,43,8,4,28
2005-11-02,43,20,40,16,26,45
2005-11-05,4,42,25,17,26,28
2005-11-09,2,5,42,49,3,41
2005-11-12,1,13,45,29,20,18
2005-11-16,13,31,23,42,26,37
2005-11-19,25,11,12,44,13,33
2005-11-23,47,20,8,28,21,4
2005-11-26,48,5,39,21,35,19
2005-11-30,38,32,34,23,25,37
2005-12-03,19,40,8,26,25,36
2005-12-07,27,9,20,7,5,3
2005-12-10,7,34,26,17,2,48
2005-12-14,7,36,12,10,8,2
2005-12-17,8,31,25,34,39,23
2005-12-21,40,7,6,32,10,11
2005-12-24,33,5,48,27,12,25
2005-12-28,17,40,5,31,43,32
2005-12-31,31,49,48,26,36,14
2006-01-04,15,42,27,44,35,34
2006-01-07,22,47,44,33,46,43
2006-01-11,27,31,28,38,16,48
2006-01-14,42,47,36,45,34,33
2006-01-18,28,38,19,36,1,34
2006-01-21,42,15,20,48,46,19
2006-01-25,33,42,49,45,3,24
2006-01-28,9,3,11,35,13,39
2006-02-01,30,45,28,49,6,22
2006-02-04,47,44,30,23,2,31
2006-02-08,41,49,16,43,35,36
2006-02-11,47,48,11,37,33,23
2006-02-15,42,35,20,28,4,24
2006-02-18,47,36,4,39,24,1
2006-02-22,14,30,5,45,22,3
2006-02-25,43,6,1,14,15,5
2006-03-01,32,34,49,46,19,39
2006-03-04,15,13,28,5,14,6
2006-03-08,15,49,1,8,23,30
2006-03-11,4,21,44,6,43,19
2006-03-15,41,25,34,30,45,19
2006-03-18,25,19,32,30,21,39
2006-03-22,28,49,14,36,12,21
2006-03-25,29,45,10,15,16,18
2006-03-29,5,20,33,9,13,6
2006-04-01,49,12,6,46,5,32
2006-04-05,10,46,30,29,44,12
2006-04-08,42,41,39,13,21,46
2006-04-12,45,11,18,47,26,46
2006-04-15,24,9,34,26,40,16
2006-04-19,48,20,36,11,37,9
2006-04-22,32,30,39,10,11,8
2006-04-26,16,2,48,27,36,45
2006-04-29,36,22,41,9,35,2
2006-05-03,30,8,37,9,24,29
2006-05-06,34,18,48,38,46,26
2006-05-10,38,22,4,47,30,42
2006-05-13,41,14,10,47,16,18
2006-05-17,31,21,37,29,15,49
2006-05-20,30,40,32,46,44,47
2006-05-24,7,4,12,25,20,31
2006-05-27,5,31,28,16,35,20
2006-05-31,16,25,1,3,7,8
2006-06-03,39,10,36,41,16,47
2006-06-07,34,9,14,30,25,21
2006-06-10,10,29,25,35,1,45
2006-06-14,42,20,30,28,41,49
2006-06-17,38,41,13,9,10,14
2006-06-21,17,10,44,5,42,36
2006-06-24,34,10,3,15,5,30
2006-06-28,43,22,5,2,19,7
2006-07-01,3,17,47,4,44,7
2006-07-05,25,19,33,2,17,39
2006-07-08,18,39,4,15,1,33
2006-07-12,1,31,22,7,21,3
2006-07-15,35,37,16,33,14,22
2006-07-19,32,23,12,16,36,33
2006-07-22,40,21,28,41,27,33
2006-07-26,3,20,45,8,27,32
2006-07-29,15,34,35,4,44,21
2006-08-02,49,9,41,24,36,19
2006-08-05,2,30,37,22,14,42
2006-08-09,19,49,27,3,39,20
2006-08-12,43,4,14,26,16,20
2006-08-16,30,3,15,33,13,11
2006-08-19,15,22,32,49,41,21
2006-08-23,21,46,10,38,36,2
2006-08-26,11,30,45,36,25,10
2006-08-30,27,43,35,13,11,48
2006-09-02,11,4,21,49,34,24
2006-09-06,23,10,22,28,5,19
2006-09-09,26,15,39,12,48,31
2006-09-13,5,44,8,31,22,7
2006-09-16,18,12,31,26,37,44
2006-09-20,30,29,11,21,44,47
2006-09-23,22,48,44,25,47,23
2006-09-27,26,33,9,8,23,3
2006-09-30,2,35,8,49,44,13
2006-10-04,11,47,3,28,14,21
2006-10-07,2,5,38,32,21,48
2006-10-11,7,45,37,20,16,44
2006-10-14,26,3,35,14,46,22
2006-10-18,37,10,21,17,22,1
2006-10-21,9,16,26,3,40,12
2006-10-25,12,38,18,27,43,5
2006-10-28,13,25,10,18,20,44
2006-11-01,6,36,16,21,33,43
2006-11-04,7,14,25,43,39,34
2006-11-08,1,48,28,12,11,10
2006-11-11,24,9,11,26,2,16
2006-11-15,37,25,16,17,45,32
2006-11-18,43,22,17,32,1,34
2006-11-22,33,8,45,34,41,14
2006-11-25,4,39,21,2,13,14
2006-11-29,21,46,23,44,10,36
2006-12-02,19,16,22,29,30,43
2006-12-06,31,44,35,19,9,48
2006-12-09,40,30,15,47,5,46
2006-12-13,42,49,32,4,37,29
2006-12-16,48,20,10,13,43,24
2006-12-20,29,49,9,44,25,20
2006-12-23,48,2,37,36,33,3
2006-12-27,14,46,3,35,2,48
2006-12-30,26,6,23,20,33,21
2007-01-03,46,20,29,41,49,11
2007-01-06,20,4,21,48,40,41
2007-01-10,38,49,37,36,32,44
2007-01-13,16,47,35,21,22,8
2007-01-17,26,44,25,33,12,1
2007-01-20,19,46,16,11,10,2
2007-01-24,40,5,37,13,32,4
2007-01-27,47,29,11,44,42,43
2007-01-31,27,20,12,5,43,1
2007-02-03,31,33,44,34,46,10
2007-02-07,27,32,24,13,44,6
2007-02-10,11,15,8,41,49,26
2007-02-14,19,43,4,30,42,18
2007-02-17,2,22,29,21,3,17
2007-02-21,17,4,26,46,23,49
2007-02-24,23,27,14,36,35,47
2007-02-28,11,6,24,36,25,12
2007-03-03,27,37,42,26,38,35
2007-03-07,36,35,14,49,38,18
2007-03-10,10,42,24,28,15,12
2007-03-14,2,17,8,27,26,4
2007-03-17,32,44,48,9,27,10
2007-03-21,23,46,15,34,20,19
2007-03-24,15,3,10,30,17,5
2007-03-28,34,39,46,19,44,9
2007-03-31,16,4,30,11,24,22
2007-04-04,26,7,41,44,5,30
2007-04-07,46,39,17,13,9,45
2007-04-11,37,28,20,7,47,19
2007-04-14,49,23,44,36,7,45
2007-04-18,26,12,5,21,8,24
2007-04-21,41,49,10,44,15,18
2007-04-25,8,16,27,29,18,41
2007-04-28,42,25,37,28,46,12
2007-05-02,1,15,3,31,19,23
2007-05-05,27,2,40,3,36,4
2007-05-09,3,16,21,22,35,7
2007-05-12,35,12,39,31,26,34
2007-05-16,8,32,47,36,30,4
2007-05-19,9,2,48,43,41,5
2007-05-23,47,3,15,40,7,18
2007-05-26,2,29,16,22,21,20
2007-05-30,9,32,10,22,15,27
2007-06-02,17,15,27,48,28,2
2007-06-06,35,41,16,22,47,28
2007-06-09,28,4,26,22,35,5
2007-06-13,8,3,13,40,22,38
2007-06-16,32,40,26,12,3,31
2007-06-20,14,10,2,42,5,41
2007-06-23,43,13,28,7,45,39
2007-06-27,42,6,29,13,12,45
2007-06-30,35,29,11,9,24,48
2007-07-04,45,44,36,33,20,27
2007-07-07,36,14,22,2,35,48
2007-07-11,35,2,23,21,3,16
2007-07-14,10,39,4,20,24,43
2007-07-18,12,14,38,17,28,40
2007-07-21,31,27,13,29,34,35
2007-07-25,21,31,6,12,17,5
2007-07-28,22,40,36,3,20,37
2007-08-01,24,2,41,38,42,27
2007-08-04,32,20,26,40,49,3
2007-08-08,21,13,46,45,32,11
2007-08-11,12,25,46,23,38,9
2007-08-15,9,32,44,8,33,3
2007-08-18,29,31,30,17,10,43
2007-08-22,14,13,48,29,30,37
2007-08-25,22,13,12,19,8,5
2007-08-29,39,14,32,19,20,5
2007-09-01,45,27,39,31,18,34
2007-09-05,31,12,43,49,18,13
2007-09-08,26,40,28,12,43,5
2007-09-12,45,49,23,48,6,11
2007-09-15,47,21,30,10,28,12
2007-09-19,8,10,28,20,33,38
2007-09-22,24,36,27,31,8,21
2007-09-26,8,16,31,10,34,48
2007-09-29,1,34,29,49,33,42
2007-10-03,2,6,30,5,15,19
2007-10-06,31,36,28,40,14,17
2007-10-10,15,24,34,42,40,26
2007-10-13,30,47,39,11,40,44
2007-10-17,45,38,14,19,9,17
2007-10-20,5,39,37,34,9,2
2007-10-24,27,33,6,36,17,10
2007-10-27,25,28,8,42,37,31
2007-10-31,39,40,19,30,7,43
2007-11-03,4,33,3,45,28,27
2007-11-07,45,40,42,21,8,44
2007-11-10,30,31,41,42,19,25
2007-11-14,7,44,41,39,32,12
2007-11-17,23,11,1,16,40,34
2007-11-21,20,32,6,38,27,42
2007-11-24,19,29,16,48,9,13
2007-11-28,36,17,30,23,42,33
2007-12-01,34,30,23,19,48,38
2007-12-05,39,25,37,33,32,2
2007-12-08,43,19,3,2,42,13
2007-12-12,17,10,38,44,4,30
2007-12-15,21,47,15,4,40,30
2007-12-19,45,19,48,3,30,29
2007-12-22,31,14,25,15,11,35
2007-12-26,41,39,27,14,35,43
2007-12-29,32,48,31,26,25,29
2008-01-02,6,3,19,8,37,18
2008-01-05,3,25,46,11,5,33
2008-01-09,16,3,11,29,5,43
2008-01-12,5,21,24,36,19,47
2008-01-16,38,31,1,14,26,43
2008-01-19,34,17,24,39,37,27
2008-01-23,28,24,10,7,25,11
2008-01-26,42,46,22,20,48,39
2008-01-30,3,33,38,9,48,28
2008-02-02,31,15,32,5,30,35
2008-02-06,8,22,46,2,10,7
2008-02-09,38,45,13,27,12,21
2008-02-13,13,15,6,29,33,47
2008-02-16,5,41,47,33,46,32
2008-02-20,40,39,31,20,29,13
2008-02-23,26,3,8,46,19,39
2008-02-27,23,37,39,41,21,14
2008-03-01,23,16,44,38,4,30
2008-03-05,1,37,9,12,11,34
2008-03-08,18,11,12,43,10,13
2008-03-12,32,44,8,24,14,20
2008-03-15,17,38,23,45,9,41
2008-03-19,36,6,33,26,42,27
2008-03-22,43,8,31,9,10,29
2008-03-26,49,6,21,10,17,3
2008-03-29,7,3,10,11,38,35
2008-04-02,7,28,41,9,2,45
2008-04-05,10,2,32,44,20,16
2008-04-09,8,41,19,37,3,7
2008-04-12,44,49,27,48,24,34
2008-04-16,37,13,31,48,25,39
2008-04-19,10,49,26,11,34,43
2008-04-23,23,33,3,45,39,37
2008-04-26,15,28,27,11,37,2
2008-04-30,42,16,29,13,35,37
2008-05-03,41,13,16,48,14,47
2008-05-07,45,43,37,25,47,9
2008-05-10,17,42,14,23,15,16
2008-05-14,39,14,18,16,10,30
2008-05-17,10,37,25,4,36,12
2008-05-21,5,34,17,35,13,1
2008-05-24,32,8,39,7,1,35
2008-05-28,14,18,29,30,32,40
2008-05-31,23,2,46,42,32,29
2008-06-04,39,27,30,19,13,45
2008-06-07,20,15,40,13,2,46
2008-06-11,6,7,35,46,45,1
2008-06-14,1,27,11,24,20,45
2008-06-18,49,29,21,11,48,1
2008-06-21,29,14,41,17,28,25
2008-06-25,12,36,2,1,30,25
2008-06-28,30,18,17,7,22,4
2008-07-02,43,33,38,14,27,34
2008-07-05,18,26,17,23,12,45
2008-07-09,46,25,36,4,16,40
2008-07-12,26,27,4,18,20,25
2008-07-16,47,17,10,1,16,40
2008-07-19,41,1,11,46,19,12
2008-07-23,16,48,6,22,5,45
2008-07-26,41,13,27,18,42,3
2008-07-30,32,33,7,35,36,5
2008-08-02,34,32,15,16,17,24
2008-08-06,13,26,35,30,47,36
2008-08-09,24,48,47,6,2,14
2008-08-13,23,49,29,11,38,36
2008-08-16,42,21,41,29,24,30
2008-08-20,5,44,10,41,11,31
2008-08-23,37,39,3,7,26,20
2008-08-27,39,25,8,7,43,13
2008-08-30,47,21,5,20,37,42
2008-09-03,28,15,26,42,14,45
2008-09-06,22,40,12,46,29,35
2008-09-10,38,36,19,5,39,48
2008-09-13,28,40,8,9,17,7
2008-09-17,26,43,49,40,48,47
2008-09-20,31,26,47,10,12,39
2008-09-24,9,19,32,21,20,40
2008-09-27,28,7,24,35,32,33
2008-10-01,29,28,3,1,6,11
2008-10-04,36,9,16,27,25,48
2008-10-06,19,33,41,24,27,9
2008-10-08,24,48,32,41,22,1
2008-10-11,46,22,10,39,20,4
2008-10-13,11,10,41,37,48,4
2008-10-15,49,28,18,20,40,1
2008-10-18,44,35,4,32,39,10
2008-10-20,43,7,48,31,15,3
2008-10-22,11,28,12,48,14,2
2008-10-25,13,11,22,46,19,3
2008-10-27,46,37,44,4,6,2
2008-10-29,43,28,22,41,49,4
2008-11-01,22,4,27,36,45,3
2008-11-03,26,2,23,20,24,8
2008-11-05,47,4,38,15,8,7
2008-11-08,25,35,33,5,22,9
2008-11-10,12,9,21,45,38,6
2008-11-12,45,35,34,40,23,5
2008-11-15,41,10,48,43,22,3
2008-11-17,1,6,19,23,41,6
2008-11-19,34,26,37,41,2,4
2008-11-22,45,12,30,36,20,6
2008-11-24,43,36,31,30,17,8
2008-11-26,49,11,13,25,28,5
2008-11-29,18,36,20,32,22,7
2008-12-01,32,15,19,37,38,1
2008-12-03,26,29,34,42,31,10
2008-12-06,48,2,5,13,24,4
2008-12-08,29,15,1,31,11,8
2008-12-10,41,38,10,35,11,3
2008-12-13,24,38,8,42,31,7
2008-12-15,48,5,15,2,27,8
2008-12-17,49,44,31,13,33,9
2008-12-20,41,46,2,22,26,5
2008-12-22,5,27,2,35,48,3
2008-12-24,33,27,2,41,4,5
2008-12-27,36,47,17,49,37,10
2008-12-29,26,38,14,21,27,4
2008-12-31,11,5,20,30,24,8
2009-01-03,47,22,24,12,38,1
2009-01-05,8,29,36,25,11,2
2009-01-07,37,39,9,33,11,8
2009-01-10,49,40,21,10,44,2
2009-01-12,47,11,29,4,9,8
2009-01-14,5,42,1,19,13,3
2009-01-17,2,46,27,37,5,4
2009-01-19,39,38,7,32,26,9
2009-01-21,32,47,10,35,3,3
2009-01-24,5,40,15,20,28,10
2009-01-26,39,8,13,49,10,10
2009-01-28,40,7,41,38,46,5
2009-01-31,6,31,40,18,36,7
2009-02-02,4,38,12,31,41,8
2009-02-04,20,43,47,27,10,3
2009-02-07,4,16,34,22,49,10
2009-02-09,17,13,31,3,46,5
2009-02-11,35,46,10,1,14,8
2009-02-14,12,24,18,44,16,4
2009-02-16,46,23,29,21,16,4
2009-02-18,28,40,10,23,43,9
2009-02-21,47,21,48,39,40,5
2009-02-23,3,14,34,31,22,7
2009-02-25,15,4,21,30,36,4
2009-02-28,45,14,41,25,16,10
2009-03-02,41,29,14,48,8,10
2009-03-04,7,9,29,25,10,6
2009-03-07,36,15,24,2,22,8
2009-03-09,27,32,5,40,3,9
2009-03-11,4,7,11,22,8,5
2009-03-14,27,18,20,11,38,6
2009-03-16,27,45,35,36,44,2
2009-03-18,42,3,39,20,34,2
2009-03-21,45,32,15,2,39,10
2009-03-23,1,25,10,2,33,4
2009-03-25,10,34,15,33,5,7
2009-03-28,19,26,23,22,27,2
2009-03-30,32,47,45,29,24,10
2009-04-01,37,27,30,22,45,3
2009-04-04,37,41,27,8,45,6
2009-04-06,43,33,48,31,28,7
2009-04-08,46,33,10,34,7,6
2009-04-11,21,5,2,23,19,7
2009-04-13,20,24,30,11,9,1
2009-04-15,23,43,37,12,39,8
2009-04-18,31,20,45,12,32,8
2009-04-20,11,34,38,43,12,3
2009-04-22,2,31,49,33,43,9
2009-04-25,34,23,49,9,20,8
2009-04-27,9,37,21,34,4,2
2009-04-29,4,30,29,26,15,3
2009-05-02,7,15,11,5,23,1
2009-05-04,33,1,23,12,46,1
2009-05-06,48,36,13,20,44,1
2009-05-09,45,28,22,30,20,3
2009-05-11,15,27,48,9,34,6
2009-05-13,38,36,49,39,12,10
2009-05-16,1,2,26,44,7,9
2009-05-18,49,26,35,34,28,4
2009-05-20,35,28,15,3,23,10
2009-05-23,38,13,33,3,25,3
2009-05-25,46,40,6,3,25,4
2009-05-27,7,48,5,3,23,7
2009-05-30,30,25,34,14,10,9
2009-06-01,18,26,47,24,35,1
2009-06-03,46,21,32,26,14,6
2009-06-06,32,46,13,33,15,10
2009-06-08,31,29,41,25,22,5
2009-06-10,45,42,27,49,48,7
2009-06-13,39,16,46,28,24,4
2009-06-15,49,11,41,21,40,4
2009-06-17,3,27,41,8,37,2
2009-06-20,26,27,49,21,33,7
2009-06-22,36,17,42,28,41,4
2009-06-24,17,21,22,16,4,1
2009-06-27,13,4,3,41,6,8
2009-06-29,35,43,9,28,10,8
2009-07-01,34,5,28,13,29,4
2009-07-04,39,4,8,43,27,3
2009-07-06,12,31,32,44,45,2
2009-07-08,16,4,10,6,5,3
2009-07-11,14,17,35,5,42,1
2009-07-13,26,2,20,34,18,1
2009-07-15,4,1,23,14,25,10
2009-07-18,44,14,26,34,9,9
2009-07-20,27,23,44,34,5,1
2009-07-22,24,35,45,28,17,6
2009-07-25,27,40,3,14,33,9
2009-07-27,18,47,7,13,48,4
2009-07-29,16,25,14,35,3,3
2009-08-01,44,10,18,45,22,6
2009-08-03,9,38,18,26,49,8
2009-08-05,40,10,29,20,43,7
2009-08-08,41,20,16,38,2,9
2009-08-10,5,22,31,2,24,6
2009-08-12,6,33,17,34,39,5
2009-08-15,1,41,32,24,27,9
2009-08-17,2,9,17,14,25,9
2009-08-19,35,42,7,33,28,10
2009-08-22,31,21,8,27,29,10
2009-08-24,22,18,33,28,11,2
2009-08-26,44,31,7,38,14,1
2009-08-29,34,7,27,23,19,7
2009-08-31,16,13,1,5,20,2
2009-09-02,17,5,12,6,15,1
2009-09-05,1,37,17,44,20,8
2009-09-07,8,21,4,31,39,2
2009-09-09,1,12,23,22,7,4
2009-09-12,41,11,4,29,7,4
2009-09-14,9,18,43,32,22,1
2009-09-16,40,7,21,25,30,1
2009-09-19,12,27,38,33,19,7
2009-09-21,3,4,38,46,7,2
2009-09-23,24,42,4,47,5,6
2009-09-26,2,37,43,21,25,9
2009-09-28,30,20,16,3,44,4
2009-09-30,33,35,40,5,2,4
2009-10-03,47,15,49,7,9,7
2009-10-05,21,12,20,11,32,4
2009-10-07,4,1,21,12,46,8
2009-10-10,3,38,1,23,16,3
2009-10-12,38,7,48,43,28,5
2009-10-14,6,35,36,42,24,2
2009-10-17,12,49,8,20,16,5
2009-10-19,4,31,11,3,6,1
2009-10-21,10,49,26,15,1,7
2009-10-24,39,28,15,38,27,10
2009-10-26,49,47,42,1,3,7
2009-10-28,8,11,7,37,30,3
2009-10-31,23,39,36,27,30,2
2009-11-02,17,34,23,40,9,9
2009-11-04,33,18,19,22,23,1
2009-11-07,1,41,13,3,18,1
2009-11-09,3,2,29,48,1,9
2009-11-11,41,47,22,17,7,6
2009-11-14,39,16,47,28,24,9
2009-11-16,20,32,36,19,27,7
2009-11-18,24,20,22,19,1,6
2009-11-21,20,33,46,40,12,6
2009-11-23,13,12,3,37,30,8
2009-11-25,14,33,39,15,11,6
2009-11-28,35,37,41,15,39,4
2009-11-30,12,43,7,23,27,6
2009-12-02,10,47,20,28,21,6
2009-12-05,28,22,7,16,39,7
2009-12-07,20,42,43,33,19,5
2009-12-09,1,31,11,22,23,1
2009-12-12,4,30,13,18,39,1
2009-12-14,46,8,26,13,38,2
2009-12-16,39,15,23,49,30,5
2009-12-19,40,15,16,6,9,6
2009-12-21,38,42,28,3,27,9
2009-12-23,24,44,18,17,15,6
2009-12-26,7,6,41,25,16,5
2009-12-28,23,12,15,27,46,6
2009-12-30,21,39,5,2,15,10
2010-01-02,43,5,23,49,17,4
2010-01-04,33,21,41,18,32,9
2010-01-06,19,49,31,44,38,3
2010-01-09,35,4,14,23,46,7
2010-01-11,24,20,31,36,6,4
2010-01-13,31,4,14,37,7,8
2010-01-16,21,38,32,3,33,10
2010-01-18,8,7,22,28,38,10
2010-01-20,13,37,48,45,28,9
2010-01-23,24,39,2,13,48,1
2010-01-25,6,8,31,45,36,9
2010-01-27,10,15,43,45,5,9
2010-01-30,44,26,18,21,47,3
2010-02-01,29,1,39,40,18,2
2010-02-03,44,48,7,30,13,7
2010-02-06,16,37,18,5,34,5
2010-02-08,36,13,24,7,42,4
2010-02-10,6,45,19,12,11,10
2010-02-13,1,7,38,3,14,5
2010-02-15,48,39,24,8,15,8
2010-02-17,23,40,26,22,29,5
2010-02-20,34,49,36,39,23,8
2010-02-22,41,48,18,11,24,2
2010-02-24,45,2,1,27,31,8
2010-02-27,13,40,2,10,35,1
2010-03-01,19,11,8,48,49,7
2010-03-03,17,37,23,25,2,7
2010-03-06,5,18,26,9,36,9
2010-03-08,23,11,43,49,10,10
2010-03-10,36,13,44,1,48,2
2010-03-13,32,37,16,6,8,7
2010-03-15,18,15,1,4,38,6
2010-03-17,46,1,24,18,9,7
2010-03-20,15,36,28,49,2,3
2010-03-22,44,34,25,47,29,9
2010-03-24,28,9,35,8,42,6
2010-03-27,43,42,9,21,46,6
2010-03-29,2,44,41,34,46,2
2010-03-31,46,28,21,39,49,1
2010-04-03,35,39,20,48,42,2
2010-04-05,17,18,36,21,47,6
2010-04-07,28,11,2,33,43,1
2010-04-10,33,13,49,36,22,4
2010-04-12,4,36,11,31,46,10
2010-04-14,9,12,29,2,21,7
2010-04-17,24,42,16,9,32,3
2010-04-19,44,22,17,38,2,8
2010-04-21,24,26,35,9,1,4
2010-04-24,17,34,27,3,41,4
2010-04-26,29,24,4,46,7,10
2010-04-28,34,49,9,25,38,1
2010-05-01,39,28,3,42,6,5
2010-05-03,8,11,12,26,48,6
2010-05-05,10,30,18,27,4,1
2010-05-08,16,29,31,39,1,2
2010-05-10,41,4,35,33,10,5
2010-05-12,28,22,27,14,23,4
2010-05-15,32,31,44,27,9,8
2010-05-17,9,27,26,29,36,5
2010-05-19,24,12,17,38,30,7
2010-05-22,2,48,40,46,17,10
2010-05-24,8,35,29,12,3,1
2010-05-26,47,3,35,22,6,1
2010-05-29,33,21,49,26,46,1
2010-05-31,46,49,32,5,33,1
2010-06-02,43,11,14,23,17,10
2010-06-05,37,43,31,45,22,5
2010-06-07,29,48,42,28,26,1
2010-06-09,14,48,44,24,20,10
2010-06-12,30,43,48,24,15,7
2010-06-14,15,48,23,49,45,2
2010-06-16,40,48,15,9,3,10
2010-06-19,21,23,19,36,49,4
2010-06-21,45,35,24,37,48,2
2010-06-23,16,27,41,1,35,1
2010-06-26,47,16,11,37,7,10
2010-06-28,41,49,42,19,12,8
2010-06-30,14,44,28,18,17,2
2010-07-03,10,46,2,33,28,8
2010-07-05,39,33,43,22,31,10
2010-07-07,20,47,49,26,31,10
2010-07-10,27,32,12,42,30,7
2010-07-12,47,11,15,24,38,6
2010-07-14,48,30,5,26,11,1
2010-07-17,32,28,47,20,22,6
2010-07-19,27,24,16,10,47,5
2010-07-21,43,45,21,3,9,1
2010-07-24,18,43,16,7,33,5
2010-07-26,4,42,37,23,43,7
2010-07-28,25,37,7,10,47,10
2010-07-31,2,25,44,28,8,4
2010-08-02,16,32,44,38,37,3
2010-08-04,32,8,46,22,9,8
2010-08-07,43,6,46,27,5,7
2010-08-09,7,15,18,8,25,6
2010-08-11,7,22,8,26,5,2
2010-08-14,21,27,9,49,11,5
2010-08-16,13,22,40,28,31,9
2010-08-18,49,43,46,27,23,6
2010-08-21,8,44,14,48,29,7
2010-08-23,49,41,9,28,16,5
2010-08-25,39,49,23,19,36,3
2010-08-28,13,16,18,20,19,2
2010-08-30,22,49,28,3,16,4
2010-09-01,20,39,33,21,16,2
2010-09-04,11,42,9,49,15,3
2010-09-06,29,22,17,19,43,8
2010-09-08,24,47,21,44,13,3
2010-09-11,36,41,45,13,7,5
2010-09-13,33,39,25,43,8,8
2010-09-15,40,1,30,8,38,6
2010-09-18,7,43,33,11,1,1
2010-09-20,1,37,25,45,17,9
2010-09-22,37,38,2,14,17,1
2010-09-25,42,5,12,29,21,2
2010-09-27,15,1,23,22,46,9
2010-09-29,41,32,33,25,26,3
2010-10-02,35,13,16,41,7,1
2010-10-04,7,46,31,29,9,8
2010-10-06,33,6,43,25,37,1
2010-10-09,17,43,23,2,26,3
2010-10-11,9,20,35,4,1,8
2010-10-13,33,22,9,44,25,3
2010-10-16,37,22,46,13,1,9
2010-10-18,1,31,38,26,29,5
2010-10-20,13,24,33,18,11,7
2010-10-23,47,49,9,16,14,7
2010-10-25,4,36,40,10,41,10
2010-10-27,32,13,15,46,3,5
2010-10-30,38,35,4,22,14,5
2010-11-01,17,24,28,1,15,10
2010-11-03,46,33,15,6,49,1
2010-11-06,24,19,35,7,42,3
2010-11-08,35,6,9,14,47,9
2010-11-10,47,48,20,39,16,4
2010-11-13,5,17,25,38,29,2
2010-11-15,33,47,14,20,17,1
2010-11-17,30,38,4,9,46,10
2010-11-20,27,12,11,29,1,2
2010-11-22,4,21,17,23,26,2
2010-11-24,32,20,22,47,14,5
2010-11-27,9,43,15,44,10,5
2010-11-29,15,23,16,41,30,8
2010-12-01,34,14,32,31,46,3
2010-12-04,33,12,24,7,15,6
2010-12-06,13,30,33,25,36,9
2010-12-08,19,15,44,4,24,1
2010-12-11,38,3,9,11,28,1
2010-12-13,6,14,49,40,9,3
2010-12-15,37,6,16,28,4,8
2010-12-18,35,41,40,11,22,7
2010-12-20,32,23,9,6,13,4
2010-12-22,8,18,36,1,29,9
2010-12-25,16,30,29,7,10,5
2010-12-27,30,44,42,39,13,9
2010-12-29,47,15,46,29,11,3
2011-01-01,43,49,46,34,11,3
2011-01-03,34,37,10,18,30,2
2011-01-05,27,47,4,5,32,5
2011-01-08,47,34,12,30,31,10
2011-01-10,35,33,40,37,11,4
2011-01-12,41,40,30,28,17,7
2011-01-15,26,43,6,36,29,8
2011-01-17,48,49,36,24,21,5
2011-01-19,36,4,12,13,1,4
2011-01-22,13,27,6,31,8,7
2011-01-24,3,39,6,48,9,4
2011-01-26,23,45,6,48,17,1
2011-01-29,14,33,44,31,12,8
2011-01-31,20,10,13,43,3,5
2011-02-02,27,6,44,23,22,3
2011-02-05,31,22,37,6,1,7
2011-02-07,6,8,49,35,25,1
2011-02-09,15,31,41,27,43,7
2011-02-12,13,38,2,45,4,2
2011-02-14,31,35,40,9,48,1
2011-02-16,44,35,32,8,33,9
2011-02-19,25,2,49,32,1,6
2011-02-21,36,20,21,9,46,6
2011-02-23,5,2,33,21,28,10
2011-02-26,35,24,10,26,48,1
2011-02-28,20,49,40,17,31,6
2011-03-02,20,22,40,2,3,7
2011-03-05,11,45,44,27,31,2
2011-03-07,7,38,23,9,17,5
2011-03-09,9,43,3,29,15,8
2011-03-12,15,34,22,33,16,9
2011-03-14,32,38,36,34,27,7
2011-03-16,23,20,32,7,14,4
2011-03-19,26,10,11,23,1,8
2011-03-21,28,23,3,40,31,1
2011-03-23,13,4,24,21,10,5
2011-03-26,17,26,34,4,30,9
2011-03-28,15,10,16,46,43,1
2011-03-30,15,23,27,43,29,10
2011-04-02,5,24,7,46,35,3
2011-04-04,12,23,37,13,10,7
2011-04-06,12,19,1,32,44,3
2011-04-09,6,20,31,22,41,8
2011-04-11,13,47,22,3,32,6
2011-04-13,38,6,33,43,23,1
2011-04-16,17,35,24,47,6,8
2011-04-18,6,10,22,7,21,5
2011-04-20,15,41,18,17,33,9
2011-04-23,40,21,28,32,8,9
2011-04-25,18,2,21,34,10,2
2011-04-27,5,26,14,28,23,6
2011-04-30,8,49,42,9,2,3
2011-05-02,25,23,4,1,40,2
2011-05-04,44,29,11,7,13,2
2011-05-07,42,28,37,38,3,8
2011-05-09,13,48,3,26,22,7
2011-05-11,45,14,26,28,38,5
2011-05-14,38,31,35,42,3,8
2011-05-16,41,43,9,11,46,8
2011-05-18,27,23,16,17,47,1
2011-05-21,27,15,35,5,14,10
2011-05-23,15,29,38,19,33,3
2011-05-25,14,45,34,27,38,3
2011-05-28,2,5,3,1,43,9
2011-05-30,14,22,47,20,21,9
2011-06-01,30,45,32,25,26,5
2011-06-04,35,4,27,15,3,2
2011-06-06,10,30,45,22,13,1
2011-06-08,20,16,40,11,24,5
2011-06-11,39,32,44,37,5,5
2011-06-13,22,3,18,17,28,6
2011-06-15,47,41,9,37,36,8
2011-06-18,9,12,43,46,33,10
2011-06-20,27,2,23,8,36,9
2011-06-22,33,21,26,28,22,5
2011-06-25,39,43,10,17,6,3
2011-06-27,43,5,14,20,12,3
2011-06-29,38,11,37,1,18,4
2011-07-02,49,11,26,1,7,5
2011-07-04,14,46,31,25,37,4
2011-07-06,9,33,10,24,3,6
2011-07-09,15,4,31,45,44,6
2011-07-11,7,43,23,48,47,9
2011-07-13,4,46,41,12,16,6
2011-07-16,27,35,42,18,37,3
2011-07-18,19,5,38,47,26,7
2011-07-20,26,45,18,23,6,6
2011-07-23,43,32,18,13,46,5
2011-07-25,38,22,3,11,41,7
2011-07-27,6,11,7,5,4,10
2011-07-30,8,41,20,46,12,1
2011-08-01,32,37,43,10,25,3
2011-08-03,20,4,19,17,5,10
2011-08-06,17,13,15,4,39,4
2011-08-08,18,12,1,26,30,9
2011-08-10,28,4,27,29,38,2
2011-08-13,3,13,4,41,5,9
2011-08-15,23,3,8,4,1,8
2011-08-17,8,49,29,45,3,9
2011-08-20,21,40,49,31,22,4
2011-08-22,40,36,38,44,17,1
2011-08-24,3,36,47,4,17,4
2011-08-27,27,21,19,13,45,2
2011-08-29,46,30,12,3,10,2
2011-08-31,7,42,39,9,5,3
2011-09-03,42,41,7,13,47,5
2011-09-05,7,17,22,10,23,5
2011-09-07,13,40,41,3,12,7
2011-09-10,15,1,28,24,10,5
2011-09-12,13,45,18,32,30,2
2011-09-14,14,42,5,16,11,3
2011-09-17,15,40,1,23,2,4
2011-09-19,13,1,27,48,35,7
2011-09-21,40,20,46,19,16,4
2011-09-24,36,4,41,33,40,6
2011-09-26,11,44,33,4,49,9
2011-09-28,16,42,36,3,8,3
2011-10-01,25,38,14,32,15,3
2011-10-03,40,28,27,12,4,1
2011-10-05,20,2,7,42,27,5
2011-10-08,31,44,21,30,22,7
2011-10-10,15,47,16,45,3,7
2011-10-12,12,9,20,30,25,5
2011-10-15,13,37,27,5,39,3
2011-10-17,14,13,18,4,48,10
2011-10-19,38,35,23,3,44,8
2011-10-22,45,44,32,29,6,7
2011-10-24,15,18,17,5,31,7
2011-10-26,35,6,2,3,20,1
2011-10-29,12,17,46,42,38,8
2011-10-31,24,13,47,37,21,7
2011-11-02,2,38,44,35,42,9
2011-11-05,38,2,13,32,20,10
2011-11-07,18,47,11,2,30,5
2011-11-09,17,8,23,12,37,2
2011-11-12,44,48,13,33,12,7
2011-11-14,25,43,18,22,3,7
2011-11-16,37,41,27,17,12,10
2011-11-19,45,37,22,33,34,5
2011-11-21,46,33,31,49,18,1
2011-11-23,39,16,6,10,21,5
2011-11-26,47,31,16,3,39,1
2011-11-28,11,24,1,15,2,9
2011-11-30,29,2,42,49,4,2
2011-12-03,31,6,49,34,26,1
2011-12-05,43,47,38,36,30,5
2011-12-07,32,35,31,48,8,1
2011-12-10,14,43,26,30,28,8
2011-12-12,48,29,1,25,16,1
2011-12-14,42,14,21,33,48,1
2011-12-17,41,9,37,38,34,5
2011-12-19,42,23,13,35,26,5
2011-12-21,27,42,33,45,37,2
2011-12-24,7,10,28,11,12,8
2011-12-26,36,43,42,23,28,4
2011-12-28,39,41,16,31,36,5
2011-12-31,32,35,17,28,2,2
2012-01-02,3,36,30,16,24,9
2012-01-04,10,23,2,43,34,5
2012-01-07,1,6,12,10,8,8
2012-01-09,34,15,26,25,32,4
2012-01-11,9,7,44,36,23,7
2012-01-14,1,38,19,49,29,8
2012-01-16,39,36,29,47,38,8
2012-01-18,21,9,33,13,42,4
2012-01-21,36,23,1,31,17,4
2012-01-23,39,44,48,20,25,6
2012-01-25,2,23,8,30,48,5
2012-01-28,23,12,47,15,18,6
2012-01-30,22,40,1,35,32,8
2012-02-01,16,5,49,43,2,7
2012-02-04,38,32,10,17,9,3
2012-02-06,15,49,24,13,29,3
2012-02-08,27,19,12,37,15,3
2012-02-11,11,12,46,32,36,6
2012-02-13,23,9,22,24,36,5
2012-02-15,11,36,10,22,31,1
2012-02-18,49,48,5,17,47,6
2012-02-20,34,31,9,3,35,5
2012-02-22,43,33,39,11,31,10
2012-02-25,8,7,19,4,27,1
2012-02-27,45,41,33,8,23,1
2012-02-29,14,27,11,17,35,4
2012-03-03,2,24,3,39,27,8
2012-03-05,31,30,28,34,17,3
2012-03-07,6,39,31,22,16,7
2012-03-10,2,40,4,44,37,5
2012-03-12,48,25,16,46,14,10
2012-03-14,13,7,31,36,43,9
2012-03-17,32,14,49,23,13,1
2012-03-19,10,28,4,11,15,4
2012-03-21,8,14,43,37,48,5
2012-03-24,48,8,18,13,11,8
2012-03-26,36,14,49,29,13,6
2012-03-28,15,20,45,17,4,9
2012-03-31,16,25,1,26,2,9
2012-04-02,33,23,3,19,39,2
2012-04-04,36,40,27,38,11,8
2012-04-07,46,19,45,42,47,8
2012-04-09,26,14,31,33,2,10
2012-04-11,49,27,15,29,19,1
2012-04-14,1,22,45,40,3,1
2012-04-16,2,21,13,1,16,2
2012-04-18,34,5,3,20,24,3
2012-04-21,41,3,48,31,18,10
2012-04-23,33,9,34,45,24,6
2012-04-25,44,15,20,30,29,7
2012-04-28,48,22,10,2,37,4
2012-04-30,39,22,32,18,4,4
2012-05-02,35,26,29,3,38,1
2012-05-05,21,10,37,8,11,9
2012-05-07,21,13,26,46,12,10
2012-05-09,36,26,18,41,32,4
2012-05-12,6,34,22,20,19,5
2012-05-14,26,11,3,22,43,6
2012-05-16,21,49,22,15,31,1
2012-05-19,11,23,48,24,42,2
2012-05-21,37,45,23,19,7,10
2012-05-23,19,1,35,49,3,9
2012-05-26,27,47,40,41,29,7
2012-05-28,30,42,38,15,41,3
2012-05-30,9,30,13,17,5,3
2012-06-02,26,9,34,39,22,1
2012-06-04,38,42,35,43,40,4
2012-06-06,21,23,12,24,13,6
2012-06-09,13,25,14,18,20,6
2012-06-11,20,6,16,4,29,1
2012-06-13,33,48,20,8,3,10
2012-06-16,14,31,1,39,27,6
2012-06-18,37,5,7,16,38,3
2012-06-20,36,33,15,41,47,5
2012-06-23,41,12,6,47,27,3
2012-06-25,27,11,40,10,13,7
2012-06-27,22,41,5,1,11,7
2012-06-30,13,45,1,42,12,4
2012-07-02,2,15,7,46,6,5
2012-07-04,13,40,37,17,39,6
2012-07-07,5,30,17,1,44,1
2012-07-09,15,38,41,45,26,3
2012-07-11,23,20,30,21,36,9
2012-07-14,22,44,40,5,41,6
2012-07-16,3,32,6,19,37,2
2012-07-18,26,25,4,28,32,5
2012-07-21,22,3,1,44,40,3
2012-07-23,40,31,38,23,28,3
2012-07-25,17,16,14,32,36,6
2012-07-28,29,4,6,39,7,3
2012-07-30,35,6,38,4,13,3
2012-08-01,33,45,17,30,11,6
2012-08-04,29,49,34,26,25,6
2012-08-06,12,7,10,34,47,7
2012-08-08,32,35,42,11,1,4
2012-08-11,7,1,10,45,44,9
2012-08-13,49,25,12,16,4,4
2012-08-15,13,24,2,15,19,5
2012-08-18,25,26,42,12,2,7
2012-08-20,45,26,33,27,11,2
2012-08-22,14,13,18,33,22,7
2012-08-25,9,13,2,29,10,9
2012-08-27,18,32,40,7,8,5
2012-08-29,20,29,26,11,8,9
2012-09-01,28,5,22,25,13,10
2012-09-03,34,27,22,18,37,3
2012-09-05,37,8,1,26,10,4
2012-09-08,9,22,43,34,15,4
2012-09-10,19,28,43,3,25,9
2012-09-12,32,1,49,12,38,8
2012-09-15,17,21,43,37,15,2
2012-09-17,16,25,14,7,17,7
2012-09-19,49,5,34,27,41,7
2012-09-22,17,23,37,44,25,9
2012-09-24,41,18,40,1,21,6
2012-09-26,42,29,38,12,46,9
2012-09-29,21,18,47,10,7,1
2012-10-01,34,2,40,29,41,6
2012-10-03,16,44,25,26,24,1
2012-10-06,27,1,47,30,39,4
2012-10-08,39,32,24,13,27,2
2012-10-10,16,35,37,3,19,3
2012-10-13,41,49,1,35,16,4
2012-10-15,7,23,11,39,44,8
2012-10-17,19,10,32,20,13,2
2012-10-20,34,14,11,24,41,5
2012-10-22,28,25,24,14,41,5
2012-10-24,30,24,5,40,17,7
2012-10-27,29,2,41,47,10,1
2012-10-29,19,16,46,13,38,7
2012-10-31,29,23,41,16,5,1
2012-11-03,15,11,9,22,36,8
2012-11-05,27,14,37,9,33,7
2012-11-07,34,16,21,2,40,7
2012-11-10,19,46,17,3,43,5
2012-11-12,25,45,20,6,48,7
2012-11-14,29,40,39,46,21,8
2012-11-17,8,6,27,37,33,7
2012-11-19,6,41,16,1,3,1
2012-11-21,10,43,6,4,46,10
2012-11-24,18,21,19,5,28,2
2012-11-26,35,15,48,44,9,6
2012-11-28,16,34,28,4,11,1
2012-12-01,19,25,12,45,44,10
2012-12-03,39,25,16,6,11,6
2012-12-05,28,24,36,45,27,8
2012-12-08,22,47,45,24,28,2
2012-12-10,36,16,4,20,47,8
2012-12-12,37,19,32,36,20,4
2012-12-15,26,24,11,33,41,9
2012-12-17,16,27,39,29,32,5
2012-12-19,5,10,25,19,49,8
2012-12-22,47,1,2,34,24,1
2012-12-24,5,12,32,7,47,6
2012-12-26,3,17,31,5,2,9
2012-12-29,45,7,11,37,23,4
2012-12-31,4,47,21,44,36,3
2013-01-02,33,21,37,22,31,4
2013-01-05,30,46,47,6,45,6
2013-01-07,45,31,15,32,48,5
2013-01-09,30,33,22,29,26,9
2013-01-12,13,48,40,6,37,7
2013-01-14,35,30,10,37,7,6
2013-01-16,27,6,16,24,46,5
2013-01-19,22,23,45,42,9,8
2013-01-21,35,7,32,38,22,6
2013-01-23,11,49,36,9,19,6
2013-01-26,18,39,2,23,34,6
2013-01-28,38,29,20,40,28,9
2013-01-30,41,31,40,11,48,5
2013-02-02,45,33,7,6,34,3
2013-02-04,34,33,18,6,30,2
2013-02-06,40,3,7,33,25,1
2013-02-09,23,5,2,47,4,7
2013-02-11,25,42,1,36,45,7
2013-02-13,39,48,19,46,14,2
2013-02-16,19,34,26,27,4,6
2013-02-18,2,13,19,41,5,5
2013-02-20,6,8,42,27,7,1
2013-02-23,47,36,42,30,45,5
2013-02-25,43,18,17,14,46,2
2013-02-27,25,40,21,34,6,7
2013-03-02,18,38,5,22,30,2
2013-03-04,47,1,45,9,30,10
2013-03-06,28,36,42,26,44,4
2013-03-09,49,4,40,11,22,5
2013-03-11,8,16,44,7,49,6
2013-03-13,13,12,34,41,40,7
2013-03-16,16,5,46,33,38,5
2013-03-18,10,20,18,24,32,9
2013-03-20,37,5,1,49,12,7
2013-03-23,17,11,41,9,24,6
2013-03-25,29,25,14,41,10,4
2013-03-27,21,47,24,49,33,3
2013-03-30,26,10,9,30,34,2
2013-04-01,47,16,10,43,27,2
2013-04-03,36,18,37,42,45,8
2013-04-06,15,29,42,1,33,7
2013-04-08,19,6,38,8,37,2
2013-04-10,9,18,3,45,28,5
2013-04-13,23,43,22,41,33,4
2013-04-15,45,20,21,26,46,3
2013-04-17,38,16,32,12,29,8
2013-04-20,28,24,3,42,9,9
2013-04-22,22,16,11,37,14,1
2013-04-24,1,48,13,6,5,9
2013-04-27,17,26,39,19,9,10
2013-04-29,12,21,39,11,27,9
2013-05-01,7,41,31,32,4,9
2013-05-04,6,13,40,45,15,4
2013-05-06,48,13,15,24,23,7
2013-05-08,13,5,43,25,15,10
2013-05-11,26,49,45,3,16,9
2013-05-13,23,29,40,49,15,5
2013-05-15,32,27,8,13,11,4
2013-05-18,4,5,20,7,17,3
2013-05-20,47,27,25,23,9,3
2013-05-22,3,34,2,17,13,9
2013-05-25,42,7,36,13,40,2
2013-05-27,37,15,9,28,13,2
2013-05-29,34,41,48,23,45,7
2013-06-01,21,30,8,7,6,3
2013-06-03,14,4,38,34,25,9
2013-06-05,27,41,23,25,4,1
2013-06-08,19,33,29,32,17,2
2013-06-10,13,15,3,35,32,1
2013-06-12,20,40,46,3,44,4
2013-06-15,32,38,26,4,23,2
2013-06-17,38,39,3,17,1,1
2013-06-19,32,22,17,43,19,1
2013-06-22,21,26,37,16,35,8
2013-06-24,29,5,24,19,10,1
2013-06-26,39,16,19,29,12,8
2013-06-29,23,37,8,14,9,7
2013-07-01,5,31,21,37,38,6
2013-07-03,36,2,7,25,39,4
2013-07-06,13,35,30,44,12,2
2013-07-08,44,8,24,25,26,5
2013-07-10,31,37,24,39,14,7
2013-07-13,31,21,37,10,28,8
2013-07-15,34,7,43,33,44,9
2013-07-17,16,8,17,48,31,4
2013-07-20,48,28,9,17,30,7
2013-07-22,12,32,29,7,38,1
2013-07-24,27,37,19,36,44,3
2013-07-27,35,44,29,37,10,4
2013-07-29,4,34,40,35,36,5
2013-07-31,28,31,23,41,8,7
2013-08-03,44,22,33,27,17,9
2013-08-05,24,39,11,6,43,4
2013-08-07,45,33,16,40,3,4
2013-08-10,19,5,41,15,24,5
2013-08-12,4,11,38,28,21,7
2013-08-14,30,22,5,35,17,2
2013-08-17,43,33,32,26,41,10
2013-08-19,40,25,2,3,46,9
2013-08-21,39,12,38,11,26,10
2013-08-24,39,11,5,29,41,7
2013-08-26,49,1,9,14,25,10
2013-08-28,40,23,30,2,33,1
2013-08-31,26,3,2,33,14,7
2013-09-02,46,16,20,41,8,8
2013-09-04,49,6,25,17,42,6
2013-09-07,25,24,44,11,1,3
2013-09-09,22,23,35,3,5,7
2013-09-11,35,13,7,6,23,2
2013-09-14,49,18,28,24,43,7
2013-09-16,6,15,24,38,26,5
2013-09-18,35,26,45,4,40,3
2013-09-21,41,30,17,26,16,9
2013-09-23,2,11,21,1,36,1
2013-09-25,6,2,44,43,12,5
2013-09-28,34,29,45,1,9,5
2013-09-30,10,26,45,15,28,9
2013-10-02,11,21,39,17,6,7
2013-10-05,9,7,14,27,38,9
2013-10-07,16,31,6,46,15,5
2013-10-09,1,26,18,20,12,2
2013-10-12,24,32,22,4,17,8
2013-10-14,21,35,19,15,33,4
2013-10-16,9,12,40,23,14,8
2013-10-19,33,49,44,8,25,1
2013-10-21,25,32,35,17,36,7
2013-10-23,5,11,20,22,10,3
2013-10-26,40,3,35,42,47,7
2013-10-28,44,32,8,14,23,8
2013-10-30,46,48,14,21,35,1
2013-11-02,7,12,4,13,18,9
2013-11-04,13,18,8,24,15,6
2013-11-06,20,40,30,16,6,3
2013-11-09,39,33,12,30,9,4
2013-11-11,42,48,32,12,16,9
2013-11-13,7,38,16,36,47,6
2013-11-16,38,44,20,29,33,8
2013-11-18,36,46,29,3,28,10
2013-11-20,35,28,46,14,18,1
2013-11-23,4,2,48,12,33,9
2013-11-25,27,15,16,4,42,4
2013-11-27,16,12,45,34,11,9
2013-11-30,19,36,20,40,2,2
2013-12-02,33,34,19,40,36,5
2013-12-04,21,34,27,25,29,3
2013-12-07,17,14,2,8,34,7
2013-12-09,45,33,20,24,6,6
2013-12-11,43,4,39,40,27,8
2013-12-14,46,45,8,30,18,1
2013-12-16,36,31,1,37,33,6
2013-12-18,36,46,38,8,30,1
2013-12-21,24,18,19,33,10,4
2013-12-23,34,29,41,37,18,5
2013-12-25,36,23,45,28,24,3
2013-12-28,1,16,20,32,26,7
2013-12-30,20,22,44,41,11,8
2014-01-01,39,37,34,26,6,7
2014-01-04,1,29,45,6,16,5
2014-01-06,30,29,17,13,19,9
2014-01-08,4,42,29,45,14,8
2014-01-11,35,25,18,8,39,9
2014-01-13,33,3,47,29,20,4
2014-01-15,7,20,35,37,30,6
2014-01-18,43,1,37,47,2,8
2014-01-20,10,1,42,40,35,5
2014-01-22,38,42,1,22,40,7
2014-01-25,18,37,17,14,30,5
2014-01-27,46,19,33,1,48,4
2014-01-29,35,8,6,25,2,8
2014-02-01,21,2,48,41,10,6
2014-02-03,44,33,5,1,13,2
2014-02-05,2,48,16,7,41,8
2014-02-08,6,7,39,38,14,7
2014-02-10,18,11,41,45,17,2
2014-02-12,7,16,48,15,10,7
2014-02-15,33,4,12,49,18,9
2014-02-17,20,32,9,23,1,1
2014-02-19,44,32,25,47,27,7
2014-02-22,30,26,48,32,1,10
2014-02-24,18,8,5,21,38,7
2014-02-26,19,41,5,22,33,1
2014-03-01,17,20,15,5,4,5
2014-03-03,41,40,28,21,36,10
2014-03-05,12,1,32,42,31,1
2014-03-08,35,40,6,46,15,7
2014-03-10,43,16,4,6,30,9
2014-03-12,42,36,1,20,25,10
2014-03-15,5,26,30,15,37,4
2014-03-17,8,33,22,45,19,6
2014-03-19,27,19,5,26,28,9
2014-03-22,20,49,14,26,4,2
2014-03-24,18,41,39,21,37,9
2014-03-26,40,47,38,11,21,6
2014-03-29,19,12,28,29,45,4
2014-03-31,28,6,7,32,2,4
2014-04-02,6,41,28,16,34,4
2014-04-05,40,9,22,13,45,5
2014-04-07,23,42,11,31,13,4
2014-04-09,28,14,39,12,38,10
2014-04-12,5,34,42,16,10,10
2014-04-14,11,7,43,45,14,3
2014-04-16,26,25,12,49,8,1
2014-04-19,22,40,21,12,45,8
2014-04-21,27,9,38,18,20,1
2014-04-23,3,30,10,29,39,10
2014-04-26,2,38,43,14,3,4
2014-04-28,45,32,19,49,36,7
2014-04-30,32,35,19,23,43,10
2014-05-03,16,5,41,11,36,5
2014-05-05,28,16,37,19,2,10
2014-05-07,6,46,47,11,1,5
2014-05-10,37,6,15,21,17,4
2014-05-12,43,33,36,12,2,5
2014-05-14,6,25,21,5,33,1
2014-05-17,48,41,37,32,43,7
2014-05-19,49,41,8,9,40,3
2014-05-21,49,9,35,23,1,1
2014-05-24,40,18,39,24,17,1
2014-05-26,3,8,40,39,32,1
2014-05-28,9,26,8,48,46,7
2014-05-31,16,2,28,40,14,1
2014-06-02,41,35,47,26,22,5
2014-06-04,43,36,8,22,3,3
2014-06-07,5,37,45,38,21,2
2014-06-09,47,34,45,35,10,9
2014-06-11,22,9,42,15,32,6
2014-06-14,7,24,18,34,5,5
2014-06-16,5,37,16,42,3,1
2014-06-18,47,13,30,9,18,3
2014-06-21,11,3,30,29,32,1
2014-06-23,40,38,32,4,31,4
2014-06-25,5,4,23,30,41,4
2014-06-28,40,24,22,13,43,3
2014-06-30,47,27,5,24,46,2
2014-07-02,36,27,8,39,47,3
2014-07-05,25,11,7,33,3,6
2014-07-07,31,41,32,14,13,10
2014-07-09,8,6,36,4,34,5
2014-07-12,29,23,22,13,1,1
2014-07-14,21,41,32,38,37,9
2014-07-16,42,3,36,28,49,7
2014-07-19,8,44,29,43,45,6
2014-07-21,21,3,9,27,10,4
2014-07-23,1,32,8,15,24,6
2014-07-26,1,5,43,41,22,4
2014-07-28,45,14,1,42,43,9
2014-07-30,25,7,13,9,8,9
2014-08-02,25,32,4,8,41,10
2014-08-04,16,28,36,24,43,6
2014-08-06,13,41,34,21,15,8
2014-08-09,34,4,5,9,21,7
2014-08-11,36,32,11,46,25,7
2014-08-13,3,18,13,43,28,5
2014-08-16,22,40,23,37,9,4
2014-08-18,24,45,19,1,46,3
2014-08-20,22,33,31,41,15,4
2014-08-23,7,17,29,26,21,7
2014-08-25,26,9,45,31,43,1
2014-08-27,4,44,32,22,14,2
2014-08-30,25,40,30,36,6,8
2014-09-01,42,22,47,16,38,1
2014-09-03,10,38,20,4,13,4
2014-09-06,42,14,15,13,3,7
2014-09-08,1,40,17,43,42,10
2014-09-10,6,16,31,26,40,7
2014-09-13,7,28,27,23,33,1
2014-09-15,16,44,2,10,35,6
2014-09-17,23,18,10,6,3,4
2014-09-20,34,31,25,46,22,6
2014-09-22,44,31,26,1,13,6
2014-09-24,16,49,10,38,25,9
2014-09-27,26,29,9,35,38,5
2014-09-29,41,28,17,4,33,5
2014-10-01,17,42,44,27,16,8
2014-10-04,14,45,29,12,41,7
2014-10-06,20,22,46,40,9,7
2014-10-08,13,4,21,43,23,10
2014-10-11,24,19,10,28,15,9
2014-10-13,29,15,1,12,30,1
2014-10-15,28,9,37,41,46,10
2014-10-18,1,43,24,15,27,7
2014-10-20,30,40,13,21,26,5
2014-10-22,10,19,47,35,33,2
2014-10-25,14,39,24,49,47,4
2014-10-27,13,32,12,28,33,6
2014-10-29,32,18,17,6,29,9
2014-11-01,48,29,2,36,9,10
2014-11-03,34,45,18,44,24,8
2014-11-05,27,24,37,46,1,1
2014-11-08,40,14,46,27,7,5
2014-11-10,24,23,30,6,18,7
2014-11-12,27,13,19,40,23,5
2014-11-15,28,16,39,23,3,10
2014-11-17,23,47,16,48,35,10
2014-11-19,41,18,13,14,29,3
2014-11-22,22,1,44,9,26,10
2014-11-24,18,47,49,32,17,3
2014-11-26,5,34,47,12,20,3
2014-11-29,18,44,2,47,49,2
2014-12-01,43,49,40,48,44,8
2014-12-03,49,26,28,31,11,7
2014-12-06,43,37,20,10,18,8
2014-12-08,10,14,43,32,47,10
2014-12-10,27,11,16,3,8,6
2014-12-13,43,13,10,20,38,1
2014-12-15,23,47,41,42,15,4
2014-12-17,32,46,6,8,13,10
2014-12-20,19,10,26,21,22,9
2014-12-22,34,35,23,16,6,8
2014-12-24,31,36,4,22,18,7
2014-12-27,20,48,34,39,4,10
2014-12-29,30,26,44,27,49,1
2014-12-31,46,43,41,37,34,10
2015-01-03,31,32,12,28,48,3
2015-01-05,37,8,49,31,45,7
2015-01-07,20,29,21,33,7,1
2015-01-10,18,5,33,2,23,4
2015-01-12,20,15,27,13,34,1
2015-01-14,23,18,7,2,21,6
2015-01-17,43,19,30,39,40,4
2015-01-19,25,4,18,7,35,4
2015-01-21,19,6,34,49,42,10
2015-01-24,36,44,21,13,5,1
2015-01-26,18,17,27,35,40,6
2015-01-28,41,12,33,9,16,1
2015-01-31,14,31,46,25,4,5
2015-02-02,17,16,14,1,11,10
2015-02-04,49,9,28,24,35,4
2015-02-07,21,29,7,37,19,2
2015-02-09,40,49,34,27,4,2
2015-02-11,13,40,24,17,45,3
2015-02-14,27,41,38,26,2,7
2015-02-16,36,14,9,1,20,2
2015-02-18,44,21,29,9,25,7
2015-02-21,3,45,47,13,27,4
2015-02-23,40,3,22,4,28,2
2015-02-25,44,47,20,30,29,1
2015-02-28,14,46,5,30,36,6
2015-03-02,17,11,27,48,23,1
2015-03-04,32,16,8,23,34,4
2015-03-07,48,9,18,43,3,2
2015-03-09,35,31,26,34,28,5
2015-03-11,49,2,35,1,36,4
2015-03-14,30,39,3,14,8,10
2015-03-16,35,11,49,7,48,7
2015-03-18,26,15,10,4,30,5
2015-03-21,28,47,41,22,21,5
2015-03-23,48,49,3,1,20,7
2015-03-25,43,10,20,9,17,7
2015-03-28,20,19,40,39,27,8
2015-03-30,4,20,13,10,32,1
2015-04-01,13,21,25,20,41,4
2015-04-04,33,15,23,28,39,1
2015-04-06,31,16,33,17,1,3
2015-04-08,15,36,38,30,2,2
2015-04-11,45,41,5,17,33,9
2015-04-13,41,9,43,48,36,2
2015-04-15,43,6,10,30,39,5
2015-04-18,44,1,49,38,20,3
2015-04-20,10,37,28,15,2,2
2015-04-22,10,43,21,25,45,5
2015-04-25,30,20,29,10,27,6
2015-04-27,15,28,43,41,5,4
2015-04-29,42,20,2,35,49,3
2015-05-02,46,33,30,19,3,5
2015-05-04,14,30,48,8,49,1
2015-05-06,35,32,29,7,34,10
2015-05-09,4,46,8,29,40,3
2015-05-11,49,1,34,28,31,4
2015-05-13,45,22,37,15,6,5
2015-05-16,39,8,22,46,23,3
2015-05-18,38,41,39,2,10,5
2015-05-20,12,10,22,37,41,10
2015-05-23,45,41,12,26,19,7
2015-05-25,44,35,49,15,29,3
2015-05-27,22,32,42,8,29,3
2015-05-30,43,6,30,47,45,5
2015-06-01,3,38,4,49,12,2
2015-06-03,12,18,30,25,47,2
2015-06-06,4,24,29,47,30,3
2015-06-08,41,3,8,9,44,10
2015-06-10,12,46,40,8,19,8
2015-06-13,16,11,29,15,46,4
2015-06-15,35,19,37,22,16,2
2015-06-17,44,30,26,48,41,1
2015-06-20,32,8,3,13,37,4
2015-06-22,35,43,37,24,38,2
2015-06-24,29,49,38,25,41,2
2015-06-27,47,14,42,40,29,4
2015-06-29,14,16,2,12,42,7
2015-07-01,49,5,19,18,38,10
2015-07-04,4,49,38,29,40,3
2015-07-06,17,12,36,35,43,3
2015-07-08,5,39,32,42,20,7
2015-07-11,14,26,4,23,36,1
2015-07-13,22,39,31,37,29,8
2015-07-15,46,2,30,43,14,8
2015-07-18,45,41,37,35,18,3
2015-07-20,31,17,2,24,29,1
2015-07-22,36,30,33,31,24,1
2015-07-25,43,7,5,10,13,4
2015-07-27,14,28,37,41,6,5
2015-07-29,22,2,3,42,36,9
2015-08-01,9,31,24,34,23,9
2015-08-03,48,10,49,1,39,1
2015-08-05,34,10,22,36,9,4
2015-08-08,12,8,11,35,33,9
2015-08-10,37,44,14,12,28,5
2015-08-12,15,43,1,24,8,2
2015-08-15,49,13,6,25,47,4
2015-08-17,29,9,26,36,42,1
2015-08-19,21,6,45,34,38,4
2015-08-22,19,4,20,29,49,9
2015-08-24,6,5,17,42,30,1
2015-08-26,44,26,41,15,37,8
2015-08-29,43,40,2,38,23,8
2015-08-31,12,41,38,1,31,4
2015-09-02,29,6,9,17,28,2
2015-09-05,24,45,14,25,42,9
2015-09-07,5,19,21,32,29,3
2015-09-09,3,19,10,44,41,7
2015-09-12,41,1,30,38,31,10
2015-09-14,3,43,48,37,49,2
2015-09-16,7,34,42,11,17,6
2015-09-19,2,25,43,16,33,9
2015-09-21,42,47,28,27,12,5
2015-09-23,35,49,18,20,31,3
2015-09-26,14,13,4,24,21,1
2015-09-28,23,39,37,36,49,8
2015-09-30,16,18,15,35,26,7
2015-10-03,27,18,8,37,20,4
2015-10-05,27,28,13,31,42,6
2015-10-07,29,27,2,14,28,9
2015-10-10,41,23,15,30,45,7
2015-10-12,1,16,49,3,4,4
2015-10-14,38,20,33,6,35,2
2015-10-17,22,33,14,46,9,8
2015-10-19,36,33,31,48,47,7
2015-10-21,25,35,22,26,31,6
2015-10-24,7,12,39,29,11,2
2015-10-26,17,19,23,4,49,3
2015-10-28,49,2,17,30,5,2
2015-10-31,33,36,48,43,34,10
2015-11-02,21,32,8,48,7,4
2015-11-04,32,11,8,21,15,6
2015-11-07,7,32,4,23,28,1
2015-11-09,25,32,8,37,39,10
2015-11-11,17,1,6,13,15,2
2015-11-14,34,29,47,10,37,10
2015-11-16,28,47,40,12,42,1
2015-11-18,25,23,5,1,47,1
2015-11-21,43,24,12,18,16,10
2015-11-23,47,12,14,37,20,6
2015-11-25,24,18,22,41,7,3
2015-11-28,30,19,37,12,46,9
2015-11-30,27,19,5,35,40,9
2015-12-02,39,9,3,45,10,7
2015-12-05,9,26,47,20,27,7
2015-12-07,22,28,42,37,14,10
2015-12-09,6,34,12,49,10,7
2015-12-12,13,40,2,34,15,8
2015-12-14,31,49,7,20,11,7
2015-12-16,46,41,24,35,22,10
2015-12-19,4,25,42,39,38,7
2015-12-21,11,19,33,41,7,3
2015-12-23,13,17,28,46,42,2
2015-12-26,15,21,20,38,43,1
2015-12-28,10,12,7,20,45,7
2015-12-30,16,2,34,25,1,5
2016-01-02,19,44,37,46,10,10
2016-01-04,34,43,23,15,40,3
2016-01-06,49,22,14,5,2,4
2016-01-09,22,39,4,49,45,6
2016-01-11,41,29,19,43,14,9
2016-01-13,30,11,35,33,3,2
2016-01-16,17,45,26,27,13,6
2016-01-18,2,5,3,10,1,4
2016-01-20,34,21,9,42,31,8
2016-01-23,42,3,15,41,33,3
2016-01-25,12,4,38,10,41,3
2016-01-27,31,44,48,37,32,9
2016-01-30,1,3,31,11,49,1
2016-02-01,18,36,13,40,48,4
2016-02-03,5,44,24,28,25,3
2016-02-06,44,25,2,41,28,9
2016-02-08,30,1,28,39,11,6
2016-02-10,44,46,1,27,48,10
2016-02-13,38,30,27,41,10,4
2016-02-15,37,21,38,4,10,5
2016-02-17,29,17,40,34,2,10
2016-02-20,9,33,34,41,20,8
2016-02-22,23,2,5,48,26,5
2016-02-24,20,18,44,1,49,7
2016-02-27,11,47,13,10,28,6
2016-02-29,13,3,1,24,45,1
2016-03-02,40,48,44,20,34,2
2016-03-05,34,5,14,49,23,6
2016-03-07,11,6,49,41,12,1
2016-03-09,40,22,20,19,41,2
2016-03-12,27,17,9,25,46,6
2016-03-14,19,39,27,14,36,8
2016-03-16,43,18,11,7,9,10
2016-03-19,49,13,4,36,18,5
2016-03-21,3,34,42,37,10,2
2016-03-23,14,19,17,8,5,9
2016-03-26,14,3,20,17,1,1
2016-03-28,26,2,28,4,15,2
2016-03-30,43,20,46,35,23,6
2016-04-02,29,34,18,22,19,1
2016-04-04,36,7,48,11,8,3
2016-04-06,21,19,28,24,44,5
2016-04-09,42,49,39,14,16,6
2016-04-11,34,29,4,26,25,2
2016-04-13,31,49,34,2,4,4
2016-04-16,33,25,36,39,40,9
2016-04-18,47,29,24,38,26,7
2016-04-20,12,15,36,41,13,9
2016-04-23,26,15,22,2,17,7
2016-04-25,39,19,13,18,22,6
2016-04-27,9,36,25,45,44,10
2016-04-30,49,29,2,30,36,7
2016-05-02,47,36,43,48,26,6
2016-05-04,15,7,42,8,24,9
2016-05-07,35,33,42,20,14,4
2016-05-09,24,29,4,11,14,1
2016-05-11,31,44,29,19,15,10
2016-05-14,42,28,30,1,27,5
2016-05-16,36,38,31,6,16,1
2016-05-18,22,1,40,38,49,9
2016-05-21,41,26,23,12,48,4
2016-05-23,41,48,22,26,7,2
2016-05-25,20,12,36,21,4,3
2016-05-28,19,3,1,14,13,6
2016-05-30,6,38,7,13,40,3
2016-06-01,27,35,26,44,22,10
2016-06-04,39,2,16,19,25,1
2016-06-06,23,32,48,47,25,5
2016-06-08,45,6,8,49,33,9
2016-06-11,7,17,22,46,44,6
2016-06-13,28,36,5,21,8,8
2016-06-15,34,2,8,5,33,10
2016-06-18,18,33,10,20,39,3
2016-06-20,38,4,45,13,43,10
2016-06-22,4,27,10,36,5,9
2016-06-25,16,20,19,35,49,3
2016-06-27,22,23,8,41,24,7
2016-06-29,17,22,9,14,48,10
2016-07-02,8,24,31,17,16,5
2016-07-04,12,10,25,22,47,1
2016-07-06,26,38,47,13,16,8
2016-07-09,46,15,6,39,3,10
2016-07-11,36,35,2,25,27,4
2016-07-13,30,28,47,34,7,10
2016-07-16,45,21,46,48,11,4
2016-07-18,29,25,2,39,20,7
2016-07-20,32,1,13,29,46,1
2016-07-23,2,27,33,21,15,10
2016-07-25,3,29,46,5,1,4
2016-07-27,34,7,44,19,8,6
2016-07-30,30,9,22,46,23,9
2016-08-01,45,29,36,42,24,7
2016-08-03,18,27,39,44,24,3
2016-08-06,44,12,7,25,31,10
2016-08-08,1,26,2,36,3,7
2016-08-10,49,30,19,17,7,3
2016-08-13,33,1,9,6,46,6
2016-08-15,16,31,25,27,26,7
2016-08-17,12,21,35,24,40,4
2016-08-20,35,10,28,43,15,9
2016-08-22,21,44,42,12,34,7
2016-08-24,3,4,34,41,42,2
2016-08-27,45,21,2,31,23,8
2016-08-29,44,36,49,25,48,2
2016-08-31,12,26,19,47,10,1
2016-09-03,36,24,45,49,47,5
2016-09-05,43,48,7,42,30,4
2016-09-07,26,34,38,13,42,9
2016-09-10,46,38,29,31,19,6
2016-09-12,6,5,11,13,22,10
2016-09-14,29,18,37,7,47,7
2016-09-17,12,3,4,34,25,2
2016-09-19,41,37,20,18,45,10
2016-09-21,30,15,40,13,20,10
2016-09-24,33,32,31,41,43,10
2016-09-26,4,23,26,19,27,7
2016-09-28,44,46,29,42,45,3
2016-10-01,13,42,8,16,23,1
2016-10-03,46,43,7,22,8,10
2016-10-05,18,28,15,2,43,3
2016-10-08,5,26,28,46,35,9
2016-10-10,18,19,3,48,9,2
2016-10-12,2,19,34,47,23,2
2016-10-15,47,30,41,32,39,7
2016-10-17,8,31,48,39,22,4
2016-10-19,32,28,29,26,38,1
2016-10-22,29,41,3,43,35,8
2016-10-24,18,29,36,17,23,7
2016-10-26,1,46,20,40,35,10
2016-10-29,21,36,44,26,14,4
2016-10-31,11,35,16,29,41,4
2016-11-02,26,1,49,7,14,10
2016-11-05,16,42,21,6,34,5
2016-11-07,1,46,21,6,31,6
2016-11-09,3,22,47,14,8,5
2016-11-12,29,11,19,16,2,8
2016-11-14,41,6,14,16,26,2
2016-11-16,37,48,1,26,24,7
2016-11-19,34,48,41,46,36,7
2016-11-21,7,18,12,45,3,8
2016-11-23,47,7,25,2,12,7
2016-11-26,9,21,44,6,11,7
2016-11-28,41,45,20,10,38,6
2016-11-30,9,33,31,3,40,5
2016-12-03,11,13,38,4,44,7
2016-12-05,29,30,23,6,26,4
2016-12-07,5,44,7,2,45,3
2016-12-10,41,43,27,24,28,9
2016-12-12,12,14,11,6,36,6
2016-12-14,10,9,44,14,46,7
2016-12-17,13,5,16,32,2,5
2016-12-19,17,40,41,26,3,7
2016-12-21,25,42,17,39,22,6
2016-12-24,22,48,7,20,35,1
2016-12-26,3,16,27,29,37,6
2016-12-28,34,35,16,39,15,4
2016-12-31,45,49,43,33,4,8
2017-01-02,31,38,11,19,40,5
2017-01-04,17,36,16,26,38,7
2017-01-07,33,46,24,21,22,8
2017-01-09,21,16,6,42,2,7
2017-01-11,30,13,28,22,19,3
2017-01-14,19,18,44,37,16,1
2017-01-16,35,32,14,37,26,5
2017-01-18,48,29,34,5,47,4
2017-01-21,40,36,32,8,31,6
2017-01-23,15,5,17,49,31,9
2017-01-25,10,19,20,28,4,2
2017-01-28,6,5,10,2,26,5
2017-01-30,4,22,40,23,32,4
2017-02-01,45,24,17,46,9,7
2017-02-04,32,22,1,35,37,7
2017-02-06,19,31,33,40,30,2
2017-02-08,17,33,37,40,19,6
2017-02-11,37,17,29,15,1,3
2017-02-13,5,16,39,44,18,3
2017-02-15,8,16,21,14,24,10
2017-02-18,32,23,49,1,3,4
2017-02-20,20,29,43,41,15,10
2017-02-22,17,25,22,35,43,10
2017-02-25,40,32,43,11,48,2
2017-02-27,3,37,16,17,47,5
2017-03-01,33,31,16,46,20,5
2017-03-04,28,14,37,32,4,4
2017-08-16,31,29,25,19,41,4
2017-08-19,39,8,40,21,7,7
2017-08-21,8,36,43,27,14,5
2017-08-23,32,23,16,1,4,7
2017-08-26,10,40,35,32,38,3
2017-08-28,6,8,20,24,42,6
2017-08-30,29,26,7,12,47,9
2017-09-02,10,14,1,40,18,7
2017-09-04,33,6,27,1,35,9
2017-09-06,49,46,28,19,39,4
2017-09-09,44,13,19,15,39,1
2017-09-11,23,42,48,45,12,9
2017-09-13,18,45,4,25,33,1
2017-09-16,37,46,4,18,16,5
2017-09-18,12,25,37,29,34,9
2017-09-20,37,6,4,17,22,6
2017-09-23,15,33,22,19,37,4
2017-09-25,37,16,17,33,34,6
2017-09-27,13,10,16,42,35,4
2017-09-30,16,44,3,38,27,7
2017-10-02,1,11,28,12,20,7
2017-10-04,45,34,20,30,1,9
2017-10-07,41,44,8,37,46,3
2017-10-09,47,30,6,15,3,9
2017-10-11,44,48,6,29,15,4
2017-10-14,18,20,38,43,47,3
2017-10-16,39,48,30,5,32,8
2017-10-18,5,13,25,12,24,7
2017-10-21,2,42,6,20,21,8
2017-10-23,12,21,47,44,25,3
2017-10-25,9,3,19,41,43,8
2017-10-28,22,12,47,5,29,8
2017-10-30,32,42,12,44,34,5
2017-11-01,18,8,26,9,32,1
2017-11-04,23,7,38,35,6,7
2017-11-06,30,45,49,27,48,1
2017-11-08,37,41,13,26,2,5
2017-11-11,40,47,48,1,36,3
2017-11-13,30,29,24,3,43,5
2017-11-15,12,10,16,35,14,6
2017-11-18,13,9,17,37,48,1
2017-11-20,6,30,40,43,35,3
2017-11-22,30,1,10,2,39,8
2017-11-25,43,1,48,2,47,10
2017-11-27,36,5,6,39,46,6
2017-11-29,8,20,3,12,13,4
2017-12-02,24,45,39,33,35,1
2017-12-04,43,32,15,23,41,8
2017-12-06,27,12,38,7,30,1
2017-12-09,48,49,10,46,23,8
2017-12-11,47,34,26,43,29,4
2017-12-13,17,49,24,43,28,8
2017-12-16,48,20,15,9,49,6
2017-12-18,11,39,48,10,29,9
2017-12-20,6,11,13,24,10,9
2017-12-23,4,6,44,8,48,10
2017-12-25,3,31,6,10,29,8
2017-12-27,22,6,48,7,14,8
2017-12-30,40,28,35,13,12,8
2018-05-14,40,33,23,1,5,8
2018-05-16,44,37,7,23,41,8
2018-05-19,5,47,30,45,12,9
2018-05-21,20,4,46,16,5,5
2018-05-23,14,29,3,36,25,9
2018-05-26,26,24,2,43,3,8
2018-05-28,35,10,25,21,23,10
2018-05-30,4,44,41,36,33,6
2018-06-02,18,13,31,7,35,4
2018-06-04,8,38,48,16,35,2
2018-06-06,43,5,33,6,47,2
2018-06-09,7,16,5,9,12,10
2018-06-11,44,41,49,25,14,4
2018-06-13,20,48,15,29,49,1
2018-06-16,35,17,8,43,19,9
2018-06-18,34,2,7,13,44,8
2018-06-20,43,33,8,30,6,3
2018-06-23,41,32,49,10,36,10
2018-06-25,14,9,21,13,32,5
2018-06-27,26,11,9,41,8,10
2018-06-30,5,36,23,29,45,7
2018-07-02,48,38,36,45,16,8
2018-07-04,41,23,16,20,45,5
2018-07-07,41,3,34,11,10,10
2018-07-09,9,21,19,36,40,1
2018-07-11,11,46,1,22,42,4
2018-07-14,47,37,45,3,20,3
2018-07-16,36,31,9,16,3,1
2018-07-18,18,26,27,43,35,7
2018-07-21,44,18,9,28,1,10
2018-07-23,7,20,41,40,11,6
2018-07-25,35,27,22,20,30,3
2018-07-28,7,23,13,18,21,10
2018-07-30,33,7,13,41,43,2
2018-08-01,47,15,45,35,17,4
2018-08-04,41,23,9,32,38,3
2018-08-06,30,4,37,32,23,6
2018-08-08,5,19,29,15,24,8
2018-08-11,41,27,44,46,14,5
2018-08-13,10,19,21,2,40,6
2018-08-15,40,21,47,27,6,8
2018-08-18,33,37,31,16,49,8
2018-08-20,15,48,42,18,40,10
2018-08-22,16,42,12,6,40,3
2018-08-25,29,6,15,44,16,3
2018-08-27,40,17,24,18,10,2
2018-08-29,17,45,19,40,31,1
2018-09-01,32,35,11,41,42,6
2018-09-03,18,2,15,1,41,10
2018-09-05,7,39,34,6,15,1
2018-09-08,6,19,22,34,20,10
2018-09-10,27,20,19,46,38,10
2018-09-12,11,33,24,35,4,9
2018-09-15,11,26,1,46,13,5
2018-09-17,43,42,8,15,26,5
2018-09-19,15,42,4,27,25,5
2018-09-22,14,37,39,18,38,9
2018-09-24,12,30,17,8,6,3
2018-09-26,40,18,15,36,10,3
2018-09-29,31,7,15,10,17,4
2018-10-01,6,1,40,7,2,4
2018-10-03,31,24,11,20,32,8
2018-10-06,49,39,8,48,1,9
2018-10-08,46,1,4,23,24,2
2018-10-10,5,24,38,29,4,3
2018-10-13,1,36,45,4,22,8
2018-10-15,8,14,25,19,49,5
2018-10-17,33,13,7,2,41,1
2018-10-20,7,17,31,12,48,8
2018-10-22,10,4,29,19,47,6
2018-10-24,28,45,34,36,9,6
2018-10-27,26,21,36,29,35,9
2018-10-29,9,42,24,43,22,7
2018-10-31,34,14,2,28,38,4
2018-11-03,6,29,8,9,39,2
2018-11-05,9,11,39,29,32,8
2018-11-07,33,27,3,20,6,8
2018-11-10,20,43,18,44,30,7
2018-11-12,13,14,37,21,15,7
2018-11-14,36,41,15,49,48,5
2018-11-17,42,20,27,22,12,7
2018-11-19,33,46,21,20,28,7
2018-11-21,22,45,20,21,23,10
2018-11-24,15,11,5,22,10,5
2018-11-26,36,30,34,14,21,2
2018-11-28,3,38,30,10,15,6
2018-12-01,15,6,3,23,39,2
2018-12-03,1,15,9,19,39,5
2018-12-05,6,19,41,17,18,9
2018-12-08,25,38,11,29,14,8
2018-12-10,8,34,16,13,37,10
2018-12-12,39,21,45,12,44,5
2018-12-15,38,1,3,32,30,6
2018-12-17,2,9,25,35,30,9
2018-12-19,21,3,25,10,11,3
2018-12-22,44,46,31,11,22,5
2018-12-24,10,22,34,43,46,2
2018-12-26,45,9,5,24,11,10
2018-12-29,26,30,42,38,12,5
2018-12-31,43,24,34,27,14,10
2019-01-02,36,12,29,2,26,7
2019-01-05,48,18,40,7,6,7
2019-01-07,1,19,12,31,7,10
2019-01-09,6,19,46,21,15,10
2019-01-12,19,24,11,34,25,8
2019-01-14,35,33,44,1,11,10
2019-01-16,15,11,10,1,31,3
2019-01-19,37,10,39,16,34,7
2019-01-21,17,26,30,47,20,6
2019-01-23,25,17,41,24,38,10
2019-01-26,30,14,12,16,42,2
2019-01-28,37,15,30,6,47,6
2019-01-30,20,47,15,11,30,9
2019-02-02,32,27,5,7,35,3
2019-02-04,40,12,37,24,42,1
2019-02-06,4,15,21,26,22,10
2019-02-09,47,40,45,42,3,9
2019-02-11,43,15,13,48,25,5
2019-02-13,43,41,29,14,7,3
2019-02-16,8,7,25,11,46,7
2019-02-18,18,9,11,33,7,9
2019-02-20,25,29,8,34,15,1
2019-02-23,3,45,13,4,44,5
2019-02-25,7,44,37,48,38,7
2019-02-27,14,1,34,19,4,2
2019-03-02,46,42,38,25,16,9
2019-03-04,4,15,11,36,33,2
2019-03-06,14,23,15,44,46,5
2019-03-09,32,47,43,35,15,10
2019-03-11,25,24,16,6,5,1
2019-03-13,29,5,20,8,32,3
2019-03-16,33,19,1,31,22,1
2019-03-18,38,23,45,24,44,6
2019-03-20,13,3,21,2,40,8
2019-03-23,12,1,40,28,26,6
2019-03-25,46,47,23,22,24,2
2019-03-27,49,45,25,10,19,1
2019-03-30,15,44,41,3,2,3
2019-04-01,32,14,35,46,11,10
2019-04-03,16,38,18,45,10,3
2019-04-06,19,26,13,27,24,7
2019-04-08,24,9,26,15,13,9
2019-04-10,22,23,14,42,16,5
2019-04-13,17,9,1,24,46,8
2019-04-15,32,44,40,17,38,6
2019-04-17,29,17,34,48,8,3
2019-04-20,4,30,15,49,45,3
2019-04-22,39,7,21,29,5,7
2019-04-24,3,11,35,13,15,3
2019-04-27,27,17,26,25,33,2
2019-04-29,33,43,39,6,29,2
2019-05-01,26,48,25,16,34,8
2019-05-04,38,18,3,24,29,9
2019-05-06,23,38,5,24,35,3
2019-05-08,2,16,4,20,35,5
2019-05-11,24,44,34,19,45,2
2019-05-13,15,24,37,40,41,4
2019-05-15,38,44,46,27,42,1
2019-05-18,19,4,10,42,46,5
2019-05-20,32,14,43,29,41,1
2019-05-22,1,48,27,49,37,1
2019-05-25,42,47,2,13,43,10
2019-05-27,33,13,28,18,42,9
2019-05-29,36,48,14,13,6,2
2019-06-01,35,26,13,45,20,3
2019-06-03,42,12,9,41,33,1
2019-06-05,28,47,26,38,17,7
2019-06-08,14,41,9,10,45,1
2019-06-10,9,24,18,49,39,8
2019-06-12,25,31,45,38,3,9
2019-06-15,2,13,20,30,37,6
2019-06-17,20,49,31,12,13,2
2019-06-19,45,46,4,36,18,5
2019-06-22,13,20,10,25,27,2
2019-06-24,33,16,1,32,45,6
2019-06-26,4,47,43,30,7,10
2019-06-29,46,42,1,4,3,3
2019-07-01,38,23,41,3,17,3
2019-07-03,39,38,8,31,45,8
2019-07-06,13,6,2,27,12,10
2019-07-08,26,11,38,20,33,10
2019-07-10,7,21,29,35,47,6
2019-07-13,27,18,49,37,48,10
2019-07-15,10,1,19,13,3,4
2019-07-17,26,4,27,47,28,8
2019-07-20,21,17,29,35,18,6
2019-07-22,28,37,44,11,7,3
2019-07-24,39,25,10,32,40,10
2019-07-27,25,28,39,47,31,8
2019-07-29,6,29,3,47,21,3
2019-07-31,32,18,8,36,30,5
2019-08-03,10,4,5,23,7,4
2019-08-05,5,45,22,26,33,9
2019-08-07,26,28,36,29,5,4
2019-08-10,37,4,12,9,18,3
2019-08-12,31,30,9,20,34,10
2019-08-14,45,17,27,48,34,2
2019-08-17,1,21,28,8,37,2
2019-08-19,14,31,7,28,2,3
2019-08-21,17,3,38,1,25,8
2019-08-24,23,31,15,38,17,4
2019-08-26,4,21,46,27,47,6
2019-08-28,14,25,47,7,42,5
2019-08-31,47,21,25,19,38,4
2019-09-02,6,2,44,33,21,4
2019-09-04,25,2,4,7,35,3
2019-09-07,16,12,27,30,2,2
2019-09-09,42,2,44,28,5,8
2019-09-11,35,19,6,27,14,10
2019-09-14,28,23,18,26,19,9
2019-09-16,42,35,31,32,13,5
2019-09-18,16,6,36,5,3,10
2019-09-21,15,42,41,44,8,10
2019-09-23,36,20,42,34,29,4
2019-09-25,7,1,26,22,15,3
2019-09-28,18,15,12,19,40,5
2019-09-30,43,2,33,23,47,2
2019-10-02,33,37,32,35,49,3
2019-10-05,30,2,38,16,31,5
2019-10-07,19,4,2,35,11,5
2019-10-09,14,39,17,44,36,5
2019-10-12,27,16,12,37,10,9
2019-10-14,16,48,18,24,6,9
2019-10-16,19,30,5,18,35,2
2019-10-19,36,23,24,31,32,8
2019-10-21,13,42,40,48,3,4
2019-10-23,49,44,31,33,40,1
2019-10-26,11,30,44,13,20,9
2019-10-28,46,17,36,35,18,4
2019-10-30,46,13,48,2,22,1
2019-11-02,41,1,18,16,13,3
2020-06-13,25,32,6,5,28,4
2020-06-15,22,49,26,2,47,2
2020-06-17,26,13,10,20,46,1
2020-06-20,8,24,33,38,14,5
2020-06-22,9,36,5,21,39,5
2020-06-24,36,8,31,34,17,7
2020-06-27,1,39,2,6,27,4
2020-06-29,21,29,20,47,46,7
2020-07-01,44,47,5,13,14,8
2020-07-04,23,13,27,44,36,6
2020-07-06,2,11,42,30,35,6
2020-07-08,30,48,37,9,26,8
2020-07-11,32,6,35,28,40,7
2020-07-13,24,3,35,46,2,8
2020-07-15,6,12,4,35,44,3
2020-07-18,11,42,22,34,43,4
2020-07-20,8,42,22,28,26,2
2020-07-22,4,28,38,20,18,1
2020-07-25,18,10,6,15,48,4
2020-07-27,19,24,45,15,25,3
2020-07-29,47,46,7,19,39,5
2020-08-01,17,18,25,38,9,9
2020-08-03,43,48,42,23,30,7
2020-08-05,46,32,22,15,17,8
2020-08-08,35,42,49,4,6,9
2020-08-10,28,38,2,1,11,6
2020-08-12,17,47,30,3,44,3
2020-08-15,5,41,3,42,15,7
2020-08-17,6,1,39,48,40,6
2020-08-19,35,11,13,4,34,1
2020-08-22,7,11,5,32,33,5
2020-08-24,28,18,22,37,19,2
2020-08-26,13,45,4,40,31,3
2020-08-29,23,15,38,21,39,4
2020-08-31,7,16,17,4,11,10
2020-09-02,14,23,21,47,3,3
2020-09-05,22,15,19,24,46,3
2020-09-07,37,35,31,44,14,7
2020-09-09,24,48,20,29,45,3
2020-09-12,16,46,12,21,24,2
2020-09-14,23,49,5,13,32,2
2020-09-16,28,19,49,23,17,7
2020-09-19,33,42,27,46,32,7
2020-09-21,46,41,38,19,16,9
2020-09-23,11,5,25,23,33,5
2020-09-26,4,31,49,8,39,9
2020-09-28,33,22,44,6,35,2
2020-09-30,26,24,49,32,2,5
2020-10-03,31,36,9,33,18,2
2020-10-05,6,22,19,5,9,5
2020-10-07,17,30,6,49,19,2
2020-10-10,48,26,31,47,42,8
2020-10-12,18,7,21,42,11,3
2020-10-14,19,42,32,26,39,6
2020-10-17,28,23,24,9,20,4
2020-10-19,7,35,48,28,25,1
2020-10-21,35,48,33,21,15,1
2020-10-24,8,25,4,12,45,2
2020-10-26,33,7,8,12,22,5
2020-10-28,25,43,30,2,19,9
2020-10-31,22,35,9,28,13,5
2020-11-02,42,43,38,33,31,3
2020-11-04,29,10,16,14,9,1
2020-11-07,45,5,48,42,30,9
2020-11-09,26,18,41,38,5,10
2020-11-11,15,17,10,37,16,9
2020-11-14,40,26,17,24,43,9
2020-11-16,7,47,16,33,42,7
2020-11-18,28,11,14,43,41,8
2020-11-21,49,17,44,5,46,4
2020-11-23,15,20,12,6,1,1
2020-11-25,1,26,14,31,10,4
2020-11-28,9,25,2,47,35,10
2020-11-30,28,9,26,29,18,3
2020-12-02,23,14,40,46,27,1
2020-12-05,34,20,14,35,9,1
2020-12-07,45,27,48,4,38,4
2020-12-09,47,17,48,39,24,7
2020-12-12,14,31,9,45,23,6
2020-12-14,47,48,13,34,2,6
2020-12-16,21,6,41,17,16,9
2020-12-19,30,29,49,23,10,5
2020-12-21,10,31,36,37,44,5
2020-12-23,5,3,39,31,38,9
2020-12-26,31,3,40,35,2,7
2020-12-28,41,34,42,22,1,5
2020-12-30,36,20,13,31,38,1
2021-01-02,5,27,7,24,41,10
2021-01-04,31,39,30,49,19,8
2021-01-06,41,21,32,47,11,9
2021-01-09,49,12,27,11,7,1
2021-01-11,33,46,8,17,1,5
2021-01-13,32,42,30,17,41,5
2021-01-16,44,20,14,22,36,2
2021-01-18,5,43,10,48,25,10
2021-01-20,21,11,22,40,32,9
2021-01-23,1,19,13,24,48,5
2021-01-25,13,31,49,7,3,5
2021-01-27,27,44,25,23,6,6
2021-01-30,17,5,33,9,37,4
2021-02-01,1,18,45,17,21,9
2021-02-03,17,31,26,37,21,10
2021-02-06,44,42,15,9,47,10
2021-02-08,19,10,9,29,5,8
2021-02-10,44,13,29,15,33,4
2021-02-13,13,17,31,28,9,10
2021-02-15,13,22,17,6,12,7
2021-02-17,34,31,35,41,29,8
2021-02-20,21,36,19,39,49,5
2021-02-22,3,37,26,15,24,7
2021-02-24,47,18,41,10,19,2
2021-02-27,4,29,42,43,11,10
2021-03-01,4,14,21,47,8,9
2021-03-03,38,8,41,49,19,7
2021-03-06,11,22,3,13,30,8
2021-03-08,24,8,38,19,40,10
2021-03-10,26,42,33,20,34,9
2021-03-13,47,22,19,4,10,8
2021-03-15,29,38,33,15,41,2
2021-03-17,45,18,46,3,30,3
2021-03-20,42,18,14,4,27,3
2021-03-22,15,6,34,39,24,4
2021-03-24,22,38,28,37,9,10
2021-03-27,16,11,18,8,10,5
2021-03-29,41,28,18,13,38,1
2021-03-31,2,27,24,35,22,5
2021-04-03,17,1,38,2,45,2
2021-04-05,32,22,2,12,15,8
2021-04-07,35,19,9,16,43,4
2021-04-10,9,35,15,8,4,8
2021-04-12,43,14,26,7,11,7
2021-04-14,27,25,20,23,47,6
2021-04-17,38,37,17,34,30,1
2021-04-19,49,17,36,44,27,1
2021-04-21,45,31,6,49,39,4
2021-04-24,41,12,26,42,36,7
2021-04-26,2,34,41,32,8,6
2021-04-28,4,15,10,49,12,6
2021-05-01,27,25,5,34,38,7
2021-05-03,44,8,11,48,37,6
2021-05-05,36,48,46,41,8,6
2021-05-08,41,35,40,6,24,6
2021-05-10,44,12,13,17,27,10
2021-05-12,19,11,22,36,9,1
2021-05-15,7,31,29,24,47,3
2021-05-17,23,42,3,17,47,4
2021-05-19,28,17,41,3,23,3
2021-05-22,9,2,45,19,7,10
2021-05-24,11,44,47,29,7,9
2021-05-26,20,1,22,5,42,6
2021-05-29,32,4,36,44,9,3
2021-05-31,25,3,13,32,47,9
2021-06-02,33,34,25,3,26,6
2021-06-05,45,16,6,37,25,9
2021-06-07,6,28,34,7,11,8
2021-06-09,16,33,41,2,24,8
2021-06-12,9,2,5,29,10,1
2021-06-14,40,12,47,21,19,7
2021-06-16,22,23,35,46,3,9
2021-06-19,3,44,46,27,14,6
2021-06-21,44,21,25,18,47,10
2021-06-23,1,16,6,3,40,1
2021-06-26,37,24,38,13,45,6
2021-06-28,4,28,48,8,15,1
2021-06-30,8,44,6,48,31,9
2021-07-03,33,48,13,2,19,2
2021-07-05,43,36,3,32,45,2
2021-07-07,37,18,8,44,46,2
2021-07-10,43,3,38,42,46,1
2021-07-12,38,31,8,37,30,1
2021-07-14,36,18,38,31,29,10
2021-07-17,31,8,47,11,17,6
2021-07-19,3,28,15,4,2,5
2021-07-21,27,25,6,37,32,9
2021-07-24,24,40,5,31,22,9
2021-07-26,42,5,34,21,37,10
2021-07-28,1,28,3,29,8,6
2021-07-31,22,6,46,7,17,3
2021-08-02,24,44,46,42,7,2
2021-08-04,21,36,22,20,44,10
2021-08-07,7,24,36,6,47,10
2021-08-09,37,43,45,28,38,3
2021-08-11,43,13,21,5,6,4
2021-08-14,4,28,42,49,35,7
2021-08-16,22,27,13,10,49,4
2021-08-18,4,7,12,24,25,2
2021-08-21,46,8,2,19,29,2
2021-08-23,13,22,31,11,21,6
2021-08-25,19,9,29,26,3,8
2021-08-28,48,43,46,11,8,9
2021-08-30,32,34,18,44,3,9
2021-09-01,49,27,32,24,17,7
2021-09-04,41,49,30,45,35,3
2021-09-06,3,31,36,13,40,9
2021-09-08,7,34,27,12,15,4
2021-09-11,5,3,49,33,15,8
2021-09-13,4,30,24,21,40,4
2021-09-15,48,22,4,30,27,7
2021-09-18,39,38,21,2,9,2
2021-09-20,12,10,45,15,31,5
2021-09-22,5,40,13,14,9,1
2021-09-25,20,35,49,18,16,1
2021-09-27,12,26,31,40,37,3
2021-09-29,6,39,28,13,33,10
2021-10-02,6,46,35,20,8,9
2021-10-04,44,15,5,19,7,1
2021-10-06,44,34,20,8,41,2
2021-10-09,22,29,19,15,34,3
2021-10-11,26,7,1,9,28,3
2021-10-13,21,20,19,43,49,10
2021-10-16,23,15,46,5,37,10
2021-10-18,41,27,36,35,9,6
2021-10-20,26,35,16,22,42,4
2021-10-23,6,36,35,10,48,9
2021-10-25,31,48,43,37,3,10
2021-10-27,41,16,44,27,15,9
2021-10-30,46,11,43,12,30,9
2021-11-01,47,27,26,43,1,6
2021-11-03,7,39,31,38,42,10
2021-11-06,19,2,18,22,4,3
2021-11-08,44,32,11,48,7,3
2021-11-10,31,12,9,40,41,2
2021-11-13,39,13,12,31,26,6
2021-11-15,34,7,8,41,42,8
2021-11-17,37,40,36,4,43,6
2021-11-20,44,9,18,17,42,8
2021-11-22,19,12,8,41,16,5
2021-11-24,14,34,39,24,47,8
2021-11-27,25,28,46,12,27,4
2021-11-29,30,26,35,44,31,4
2021-12-01,26,18,3,49,46,6
2021-12-04,23,18,34,5,44,5
2021-12-06,29,16,36,7,15,6
2021-12-08,28,26,1,30,16,4
2021-12-11,16,45,34,42,26,9
2021-12-13,23,38,36,18,19,1
2021-12-15,34,47,11,37,38,8
2021-12-18,10,46,2,31,38,8
2021-12-20,22,23,12,47,25,1
2021-12-22,41,20,46,11,24,1
2021-12-25,6,25,48,21,37,10
2021-12-27,32,20,6,12,14,8
2021-12-29,21,18,33,49,48,7
2022-01-01,30,36,14,6,39,5
2022-01-03,33,36,34,38,22,5
2022-01-05,17,45,30,32,6,4
2022-01-08,22,42,43,17,25,10
2022-01-10,14,43,34,41,35,9
2022-01-12,23,20,1,26,44,4
2022-01-15,19,10,30,13,47,8
2022-01-17,4,27,5,15,22,9
2022-01-19,44,27,41,8,43,6
2022-01-22,26,3,39,17,30,8
2022-01-24,15,38,7,4,40,2
2022-01-26,14,16,33,38,45,10
2022-01-29,42,29,25,46,8,9
2022-01-31,25,32,31,36,10,8
2022-02-02,11,37,49,28,40,4
2022-02-05,48,31,24,11,38,9
2022-02-07,37,15,18,31,46,3
2022-02-09,44,48,31,46,21,1
2022-02-12,45,22,28,40,37,10
2022-02-14,26,13,29,15,20,5
2022-02-16,22,24,41,21,32,2
2022-02-19,32,24,49,39,40,1
2022-02-21,2,6,10,32,17,5
2022-02-23,33,15,6,12,14,8
2022-02-26,29,39,28,22,30,3
2022-02-28,43,9,21,36,27,2
2022-03-02,46,4,3,43,22,6
2022-03-05,37,26,36,14,1,3
2022-03-07,8,27,29,15,41,4
2022-03-09,32,8,21,41,25,4
2022-03-12,16,47,33,21,5,5
2022-03-14,11,5,32,49,9,6
2022-03-16,1,49,12,39,24,3
2022-03-19,44,38,33,49,41,7
2022-03-21,10,26,46,35,5,9
2022-03-23,20,2,29,39,18,10
2022-03-26,40,10,37,34,12,5
2022-03-28,16,48,21,5,26,10
2022-03-30,12,34,16,26,10,7
2022-04-02,15,6,11,28,24,10
2022-04-04,23,22,33,36,10,6
2022-04-06,6,20,48,12,38,7
2022-04-09,3,15,13,29,40,10
2022-04-11,32,3,22,18,17,10
2022-04-13,36,29,44,46,35,8
2022-04-16,4,41,30,27,21,6
2022-04-18,10,39,33,9,47,5
2022-04-20,45,46,4,13,33,7
2022-04-23,44,20,11,9,42,4
2022-04-25,31,36,42,23,8,7
2022-04-27,8,13,1,43,31,10
2022-04-30,6,27,5,21,47,9
2022-05-02,46,20,13,47,8,7
2022-05-04,37,30,17,12,41,2
2022-05-07,23,37,38,7,15,3
2022-05-09,6,33,7,9,15,2
2022-05-11,23,45,7,2,46,10
2022-05-14,4,44,29,32,24,4
2022-05-16,21,33,4,14,32,1
2022-05-18,14,23,22,45,36,7
2022-05-21,1,12,41,7,21,4
2022-05-23,30,26,48,41,47,6
2022-05-25,37,30,24,27,45,10
2022-05-28,20,27,21,26,7,7
2022-05-30,22,12,38,13,14,2
2022-06-01,33,4,35,22,2,7
2022-06-04,9,23,17,42,6,5
2022-06-06,20,5,22,23,18,5
2022-06-08,38,33,39,27,26,5
2022-06-11,7,28,4,11,10,8
2022-06-13,44,45,46,43,31,10
2022-06-15,11,37,44,13,21,6
2022-06-18,31,1,12,32,28,9
2022-06-20,27,47,23,48,14,3
2022-06-22,17,40,10,27,23,2
2022-06-25,2,47,40,31,49,9
2022-06-27,34,31,36,24,37,1
2022-06-29,16,47,43,24,26,9
2022-07-02,32,20,22,46,34,9
2022-07-04,18,20,4,12,26,8
2022-07-06,43,16,10,25,44,4
2022-07-09,37,24,34,9,8,2
2022-07-13,30,48,7,31,46,3
2022-07-16,3,33,4,49,14,3
2022-07-18,18,29,49,37,5,8
2022-07-20,29,21,31,47,17,4
2022-07-23,15,47,39,25,41,9
2022-07-25,26,42,13,7,24,2
2022-07-27,13,43,31,47,46,10
2022-07-30,14,21,24,2,38,6
2022-08-01,38,1,4,23,30,6
2022-08-03,45,10,5,40,32,5
2022-08-06,37,28,23,38,6,1
2022-08-08,41,22,3,37,40,2
2022-08-10,15,35,11,28,9,2
2022-08-13,17,38,37,11,39,2
2022-08-15,34,4,48,42,22,3
2022-08-17,16,5,14,29,17,3
2022-08-20,21,38,17,1,46,2
2022-08-22,39,46,2,9,44,9
2022-08-24,39,42,36,27,22,10
2022-08-27,32,39,22,11,34,3
2022-08-29,5,10,28,34,22,4
2022-08-31,9,39,10,15,45,7
2022-09-03,35,24,44,38,32,6
2022-09-05,5,1,35,27,40,4
2022-09-07,20,35,30,3,29,9
2022-09-10,25,3,8,49,24,5
2022-09-12,4,49,20,7,21,10
2022-09-14,40,10,38,26,45,1
2022-09-17,12,17,1,20,3,3
2022-09-19,5,7,44,15,33,1
2022-09-21,3,12,22,9,37,10
2022-09-24,25,6,32,7,4,10
2022-09-26,29,49,35,18,39,1
2022-09-28,12,39,26,14,29,10
2022-10-01,8,7,35,36,26,2
2022-10-03,20,40,31,7,23,1
2022-10-05,32,23,39,35,14,7
2022-10-08,17,20,48,16,34,7
2022-10-10,19,40,32,13,46,7
2022-10-12,17,44,7,40,39,3
2022-10-15,31,16,27,24,46,1
2022-10-17,38,49,20,16,40,2
2022-10-19,35,16,38,46,25,8
2022-10-22,12,2,25,35,7,10
2022-10-24,43,28,33,37,29,1
2022-10-26,45,30,4,2,23,5
2022-10-29,33,28,48,44,26,4
2022-10-31,34,25,45,44,4,7
2022-11-02,45,7,38,4,26,2
2022-11-05,40,6,38,23,32,10
2022-11-07,24,8,9,40,31,7
2022-11-09,15,2,1,41,30,9
2022-11-12,14,44,34,25,4,7
2022-11-14,28,23,34,44,14,5
2022-11-16,1,8,48,38,3,1
2022-11-19,40,24,19,1,28,8
2022-11-21,45,33,47,15,23,7
2022-11-23,46,36,45,15,19,4
2022-11-26,5,7,28,23,2,5
2022-11-28,24,46,9,2,13,6
2022-11-30,44,18,28,49,30,5
2022-12-03,32,19,34,26,27,9
2022-12-05,36,45,9,24,17,7
2022-12-07,2,12,38,15,10,5
2022-12-10,6,43,29,13,27,2
2022-12-12,46,25,47,2,35,10
2022-12-14,15,37,4,20,6,10
2022-12-17,46,27,42,23,8,3
2022-12-19,43,35,6,31,36,4
2022-12-21,11,22,15,12,21,7
2022-12-24,12,41,47,46,6,6
2022-12-26,6,23,32,49,48,4
2022-12-28,29,1,3,35,8,8
2022-12-31,35,39,16,11,23,8
2023-01-02,49,39,45,41,1,5
2023-01-04,3,5,49,38,25,10
2023-01-07,8,43,7,21,34,6
2023-01-09,38,1,48,30,20,3
2023-01-11,8,16,17,3,47,9
2023-01-14,22,36,40,13,14,9
2023-01-16,5,31,10,19,28,4
2023-01-18,7,35,48,39,11,8
2023-01-21,41,4,45,18,24,6
2023-01-23,28,6,10,35,32,9
2023-01-25,32,26,44,18,21,10
2023-01-28,15,44,5,30,45,5
2023-01-30,35,27,8,30,34,5
2023-02-01,12,48,38,35,9,5
2023-02-04,42,26,31,13,16,2
2023-02-06,32,13,5,21,6,3
2023-02-08,44,24,16,21,34,7
2023-02-11,43,9,15,47,45,9
2023-02-13,20,8,33,27,35,2
2023-02-15,20,24,5,44,28,6
2023-02-18,12,24,1,13,5,9
2023-02-20,35,43,41,22,16,7
2023-02-22,37,35,3,24,31,4
2023-02-25,34,19,3,1,43,3
2023-02-27,5,37,14,6,2,1
2023-03-01,18,39,45,14,21,8
2023-03-04,42,40,35,25,12,6
2023-03-06,24,38,41,18,5,7
2023-03-08,10,7,46,16,35,5
2023-03-11,6,34,14,33,18,6
2023-03-13,47,45,35,42,19,2
2023-03-15,37,20,15,5,17,2
2023-03-18,7,31,8,48,32,5
2023-03-20,38,19,10,26,7,8
2023-03-22,24,38,33,12,20,2
2023-03-25,3,34,29,7,11,4
2023-03-27,1,11,23,41,34,9
2023-03-29,34,1,32,14,11,9
2023-04-01,44,48,17,12,35,8
2023-04-03,49,15,39,31,46,4
2023-04-05,31,33,16,29,39,2
2023-04-08,19,35,48,3,42,10
2023-04-10,45,24,15,10,49,2
2023-04-12,18,26,10,30,15,7
2023-04-15,32,17,15,19,29,10
2023-04-17,3,18,42,13,43,9
2023-04-19,43,41,5,46,34,5
2023-04-22,12,26,48,13,35,1
2023-04-24,41,23,25,1,49,2
2023-04-26,3,18,24,11,14,10
2023-04-29,40,48,36,22,3,5
2023-05-01,15,41,33,44,5,10
2023-05-03,17,23,13,20,45,8
2023-05-06,47,25,42,2,30,10
2023-05-08,43,47,16,39,4,5
2023-05-10,45,12,44,15,9,1
2023-05-13,43,6,25,34,9,5
2023-05-15,12,9,48,7,29,4
2023-05-17,8,2,11,47,40,7
2023-05-20,25,18,3,8,37,6
2023-05-22,43,33,42,22,37,4
2023-05-24,20,11,36,17,28,10
2023-05-27,25,24,31,34,9,9
2023-05-29,12,38,28,24,36,3
2023-05-31,43,9,40,28,13,3
2023-06-03,46,44,37,2,39,4
2023-06-05,3,46,25,10,13,5
2023-06-07,41,28,3,4,23,8
2023-06-10,28,16,11,32,49,10
2023-06-12,12,26,28,19,21,2
2023-06-14,14,9,16,12,33,2
2023-06-17,28,43,29,38,44,3
2023-06-19,39,42,38,29,49,3
2023-06-21,20,35,27,19,12,4
2023-06-24,30,40,3,21,2,4
2023-06-26,14,21,48,16,26,3
2023-06-28,49,34,36,12,42,10
2023-07-01,24,7,18,15,9,10
2023-07-03,42,23,2,8,35,7
2023-07-05,22,8,19,7,15,5
2023-07-08,6,19,48,32,10,5
2023-07-10,14,3,10,44,8,2
2023-07-12,31,18,34,27,26,8
2023-07-15,7,32,42,45,12,6
2023-07-17,47,6,20,9,41,9
2023-07-19,35,5,39,19,11,9
2023-07-22,37,33,42,36,31,3
2023-07-24,12,1,31,45,17,7
2023-07-26,17,49,18,28,11,7
2023-07-29,1,49,29,18,37,4
2023-07-31,1,47,22,33,4,1
2023-08-02,18,12,32,9,23,9
2023-08-05,40,42,2,7,10,2
2023-08-07,11,1,15,48,47,7
2023-08-09,6,31,45,14,3,9
2023-08-12,9,20,44,1,39,9
2023-08-14,44,13,3,27,49,9
2023-08-16,24,41,19,35,27,9
2023-08-19,27,8,32,11,4,10
2023-08-21,3,17,4,36,22,6
2023-08-23,46,29,25,8,34,7
2023-08-26,15,14,21,34,45,5
2023-08-28,9,35,23,37,28,7
2023-08-30,46,31,20,45,39,10
2023-09-02,10,33,47,1,7,10
2023-09-04,27,13,2,11,36,10
2023-09-06,47,30,15,33,4,10
2023-09-09,15,7,3,42,4,4
2023-09-11,31,44,40,13,28,6
2023-09-13,11,27,30,48,49,8
2023-09-16,42,43,32,40,15,4
2023-09-18,5,30,40,35,17,6
2023-09-20,48,19,37,16,29,1
2023-09-23,26,28,40,37,6,8
2023-09-25,4,13,27,46,21,4
2023-09-27,44,14,30,25,17,3
2023-09-30,33,48,25,23,41,1
2023-10-02,6,40,17,15,3,1
2023-10-04,26,21,40,27,31,1
2023-10-07,5,12,42,9,26,2
2023-10-09,9,16,32,30,23,6
2023-10-11,10,16,15,6,24,8
2023-10-14,13,14,27,4,20,1
2023-10-16,6,7,37,25,47,9
2023-10-18,22,13,46,49,3,1
2023-10-21,47,14,28,3,25,10
2023-10-23,10,3,40,26,22,4
2023-10-25,22,12,30,35,33,10
2023-10-28,31,38,22,32,34,2
2023-10-30,30,34,8,1,13,4
2023-11-01,32,46,27,1,16,1
2023-11-04,20,13,46,40,25,7
2023-11-06,18,10,40,34,31,10
2023-11-08,2,49,1,36,14,9
2023-11-11,17,22,35,25,19,6
2023-11-13,46,39,23,45,13,7
2023-11-15,22,7,16,30,2,1
2023-11-18,12,21,48,29,20,3
2023-11-20,30,15,34,46,41,2
2023-11-22,18,45,41,4,17,2
2023-11-25,1,9,19,13,11,8
2023-11-27,19,8,46,26,9,9
2023-11-29,21,30,6,31,10,1
2023-12-02,25,19,12,11,28,4
2023-12-04,41,44,38,8,10,2
2023-12-06,29,1,43,37,27,7
2023-12-09,40,34,36,28,15,10
2023-12-11,25,48,16,12,49,10
2023-12-13,4,19,22,18,7,10
2023-12-16,1,15,12,30,44,1
2023-12-18,30,3,15,41,16,9
2023-12-20,2,3,29,30,31,10
2023-12-23,39,28,26,5,29,10
2023-12-25,9,32,7,47,1,1
2023-12-27,16,41,26,28,13,8
2023-12-30,36,12,7,11,38,6
2024-01-01,4,41,16,13,6,10
2024-01-03,36,1,45,9,14,3
2024-01-06,49,19,22,40,45,2
2024-01-08,6,48,11,49,46,2
2024-01-10,12,28,32,45,38,9
2024-01-13,12,15,21,29,48,6
2024-01-15,11,7,15,23,19,4
2024-01-17,29,8,37,22,39,10
2024-01-20,19,41,42,43,45,2
2024-01-22,32,29,37,20,5,9
2024-01-24,25,9,34,31,32,5
2024-01-27,47,2,14,33,30,5
2024-01-29,27,26,8,9,15,4
2024-01-31,34,2,13,15,31,8
2024-02-03,42,4,23,15,12,1
2024-02-05,36,3,33,34,42,2
2024-02-07,24,13,23,6,34,4
2024-02-10,44,15,37,34,40,8
2024-02-12,36,40,5,30,43,1
2024-02-14,28,15,3,46,36,2
2024-02-17,2,19,13,23,36,3
2024-02-19,35,23,16,42,8,2
2024-02-21,42,22,9,33,45,3
2024-02-24,14,45,37,22,25,3
2024-02-26,7,45,30,8,20,10
2024-02-28,2,38,46,27,43,3
2024-03-02,20,13,27,26,17,4
2024-03-04,25,8,18,27,37,8
2024-03-06,12,8,43,46,49,8
2024-03-09,29,28,25,7,35,2
2024-03-11,18,48,36,16,45,10
2024-03-13,5,29,4,10,13,1
2024-03-16,12,10,37,25,49,2
2024-03-18,36,48,30,20,40,8
2024-03-20,24,46,3,22,32,5
2024-03-23,47,49,20,34,32,1
2024-03-25,37,1,22,26,31,5
2024-03-27,28,45,2,15,23,7
2024-03-30,40,41,28,8,42,2
2024-04-01,9,17,15,12,26,8
2024-04-03,26,46,5,12,36,4
2024-04-06,27,2,36,43,6,5
2024-04-08,2,22,46,21,49,9
2024-04-10,18,1,33,9,39,2
2024-04-13,45,7,29,19,38,8
2024-04-15,24,2,21,36,31,6
2024-04-17,48,6,8,17,24,10
2024-04-20,13,10,22,24,16,7
2024-04-22,48,20,39,8,47,1
2024-04-24,38,25,40,41,39,7
2024-04-27,18,34,27,14,44,6
2024-04-29,49,47,20,3,30,7
2024-05-01,17,42,25,5,15,7
2024-05-04,2,16,19,12,6,3
2024-05-06,1,4,35,39,21,5
2024-05-08,7,34,6,3,36,7
2024-05-11,6,39,24,13,43,8
2024-05-13,26,13,25,12,18,4
2024-05-15,21,16,9,20,15,1
2024-05-18,14,34,37,15,45,2
2024-05-20,12,32,36,6,29,8
2024-05-22,46,23,21,32,20,10
2024-05-25,19,26,42,18,20,1
2024-05-27,41,19,32,42,47,1
2024-05-29,10,19,28,38,37,7
2024-06-01,27,2,48,43,3,8
2024-06-03,9,15,39,49,48,7
2024-06-05,4,6,35,47,7,1
2024-06-08,35,39,18,43,31,7
2024-06-10,47,5,34,28,39,8
2024-06-12,28,3,6,33,13,4
2024-06-15,8,16,42,30,40,2
2024-06-17,28,6,11,46,25,2
2024-06-19,35,11,18,46,30,2
2024-06-22,10,34,25,38,29,3
2024-06-24,48,47,6,45,1,6
2024-06-26,21,10,38,41,25,8
2024-06-29,17,24,30,43,1,7
2024-07-01,22,7,28,6,3,7
2024-07-03,4,1,24,21,42,3
2024-07-06,46,13,47,18,34,5
2024-07-08,7,42,31,8,24,6
2024-07-10,16,3,5,39,11,9
2024-07-13,21,5,6,24,42,8
2024-07-15,4,10,30,38,24,10
2024-07-17,35,40,17,6,47,4
2024-07-20,5,30,16,47,15,7
2024-07-22,49,35,25,27,42,9
2024-07-24,40,11,18,8,47,2
2024-07-27,21,8,28,42,47,4
2024-07-29,20,22,32,34,31,7
2024-07-31,25,3,45,47,49,7
2024-08-03,47,4,2,14,34,2
2024-08-05,24,21,7,31,27,3
2024-08-07,27,47,24,39,46,9
2024-08-10,36,31,37,28,17,10
2024-08-12,16,18,45,38,31,8
2024-08-14,25,17,46,28,23,5
2024-08-17,3,4,22,48,49,1
2024-08-19,10,18,20,19,28,5
2024-08-21,3,20,15,31,19,7
2024-08-24,13,29,30,20,36,5
2024-08-26,6,28,3,12,24,2
2024-08-28,42,30,11,33,37,3
2024-08-31,43,18,28,40,14,1
2024-09-02,27,12,26,6,5,6
2024-09-04,4,2,26,22,40,8
2024-09-07,48,43,31,9,15,9
2024-09-09,18,8,41,17,3,3
2024-09-11,28,30,10,39,24,5
2024-09-14,15,32,11,49,6,4
2024-09-16,27,31,48,30,17,8
2024-09-18,2,44,42,47,23,5
2024-09-21,32,30,4,2,19,9
2024-09-23,9,40,28,27,7,6
2024-09-25,5,25,10,6,1,9
2024-09-28,47,39,4,42,45,1
2024-09-30,1,33,49,24,17,9
2024-10-02,2,10,4,49,12,9
2024-10-05,30,16,7,13,43,6
2024-10-07,49,26,5,7,1,8
2024-10-09,5,26,22,31,33,7
2024-10-12,35,33,43,6,37,6
2024-10-14,42,18,47,41,20,2
2024-10-16,1,25,48,21,35,3
2024-10-19,10,2,44,46,45,5
2024-10-21,7,34,19,15,11,7
2024-10-23,27,1,34,44,40,2
2024-10-26,9,17,30,20,11,8
2024-10-28,21,39,43,9,41,3
2024-10-30,4,44,10,29,8,1
2024-11-02,31,49,43,21,1,6
2024-11-04,17,15,16,39,35,2
2024-11-06,26,8,23,15,6,5
2024-11-09,36,12,35,23,26,8
2024-11-11,8,35,46,6,11,6
2024-11-13,9,12,32,39,13,10
2024-11-16,46,5,29,7,19,4
2024-11-18,17,12,3,8,6,9
2024-11-20,35,37,45,48,27,5
2024-11-23,37,33,36,34,20,2
2024-11-25,13,7,37,49,3,5
2024-11-27,15,7,31,35,20,6
2024-11-30,21,4,10,38,19,1
2024-12-02,48,16,22,41,4,10
2024-12-04,40,21,7,34,3,1
2024-12-07,9,21,24,30,28,9
2024-12-09,38,5,9,25,6,6
2024-12-11,28,24,8,43,19,6
2024-12-14,30,22,44,40,24,7
2024-12-16,43,5,26,36,6,3
2024-12-18,8,27,26,46,14,2
2024-12-21,41,16,6,28,36,8
2024-12-23,22,17,38,2,13,7
2024-12-25,46,6,22,44,13,8
2024-12-28,31,7,37,39,13,6
2024-12-30,13,31,29,1,21,10
2025-01-01,8,11,2,25,21,4
2025-01-04,17,20,9,19,29,2
2025-01-06,3,31,8,16,42,7
2025-01-08,14,34,38,24,26,8
2025-01-11,42,20,6,29,41,9
2025-01-13,31,3,24,41,7,2
2025-01-15,1,22,40,27,28,2
2025-01-18,11,1,4,33,44,7
2025-01-20,19,28,36,40,6,2
2025-01-22,29,36,23,44,38,9
2025-01-25,45,35,44,5,19,8
2025-01-27,24,39,48,3,10,3
2025-01-29,29,41,17,27,19,2
2025-02-01,34,46,11,30,36,5
2025-02-03,29,48,32,27,44,8
2025-02-05,14,8,24,28,5,9
2025-02-08,49,26,11,43,42,8
2025-02-10,39,44,12,29,2,6
2025-02-12,1,37,41,30,23,5
2025-02-15,48,42,13,49,6,3
2025-02-17,40,3,14,20,34,6
2025-02-19,42,23,16,32,28,5
2025-02-22,28,30,23,39,25,7
2025-02-24,32,5,13,38,46,5
2025-02-26,44,11,3,15,17,9
2025-03-01,14,28,33,9,8,4
2025-03-03,41,13,28,6,4,1
2025-03-05,47,28,7,26,30,4
2025-03-08,18,2,10,3,11,2
2025-03-10,23,24,13,15,39,1
2025-03-12,21,10,24,32,16,7
2025-03-15,27,6,31,21,40,7
2025-03-17,16,32,26,9,20,7
2025-03-19,15,14,3,45,12,3
2025-03-22,3,49,36,20,23,6
2025-03-24,35,29,47,46,21,1
2025-03-26,4,41,21,19,11,7
2025-03-29,14,31,41,7,12,5
2025-03-31,3,4,28,16,38,4
2025-04-02,45,5,34,15,4,9
2025-04-05,14,30,22,8,27,7
2025-04-07,21,34,13,38,2,1
2025-04-09,36,16,12,47,46,9
2025-04-12,3,18,10,13,47,1
2025-04-14,33,40,25,31,37,9
2025-04-16,13,38,27,40,39,10
2025-04-19,19,11,32,16,20,6
2025-04-21,5,13,30,48,8,5
2025-04-23,5,3,35,20,15,8
2025-04-26,39,15,23,45,3,9
2025-04-28,6,3,14,35,36,2
2025-04-30,8,31,42,3,5,8
2025-05-03,38,39,37,19,42,5
2025-05-05,8,34,38,47,9,3
2025-05-07,32,36,1,41,46,9
2025-05-10,12,13,29,42,49,9
2025-05-12,2,6,12,16,24,4
2025-05-14,12,31,34,42,43,10
2025-05-17,9,12,13,14,18,3
2025-05-19,8,30,33,42,43,4
2025-05-21,7,10,11,18,49,2
2025-05-24,14,32,39,45,9,9
2025-05-26,24,33,36,41,45,7
2025-05-28,4,25,26,32,38,4
2025-05-31,4,11,27,37,39,3
2025-06-02,8,13,25,29,36,2
2025-06-04,2,18,38,41,45,8
2025-06-07,7,30,37,40,45,1
2025-06-09,5,12,25,34,38,10
2025-06-11,8,9,15,18,19,6
2025-06-13,8,19,28,39,42,9
2025-06-14,16,21,25,31,44,8
2025-06-16,1,2,4,13,39,1
2025-06-18,9,13,19,24,36,3
2025-06-21,18,20,25,34,49,2
2025-06-23,20,25,38,42,44,10
2025-06-25,2,5,26,32,44,10
2025-06-28,2,8,22,40,48,6
2025-06-30,8,10,12,17,18,4
2025-07-02,19,25,29,30,38,10
2025-07-04,9,19,21,35,49,10
2025-07-05,25,32,37,42,46,10
2025-07-07,3,18,26,27,41,6
2025-07-09,1,22,25,36,45,4
